ticker,company,metric_code,metric_label,unit,fiscal_year,fiscal_quarter,fiscal_period,as_of_date,value,missing,derived,restated,period_start,period_end,xbrl_tag,source_form,accn,filed,qoq_delta,qoq_pct,yoy_delta,yoy_pct
FORM,"FormFactor, Inc.",revenue,Revenue (GAAP),USD,2018,Q1,2018Q1,2026-07-21,118290000,False,False,False,2017-12-31,2018-03-31,RevenueFromContractWithCustomerExcludingAssessedTax,10-K,0001039399-20-000011,2020-02-21,-13611000,-10.32,-10539000,-8.18
FORM,"FormFactor, Inc.",revenue,Revenue (GAAP),USD,2018,Q2,2018Q2,2026-07-21,135509000,False,False,False,2018-04-01,2018-06-30,RevenueFromContractWithCustomerExcludingAssessedTax,10-K,0001039399-20-000011,2020-02-21,17219000,14.56,-8467000,-5.88
FORM,"FormFactor, Inc.",revenue,Revenue (GAAP),USD,2018,Q3,2018Q3,2026-07-21,134989000,False,False,False,2018-07-01,2018-09-29,RevenueFromContractWithCustomerExcludingAssessedTax,10-K,0001039399-20-000011,2020-02-21,-520000,-0.38,-8746000,-6.08
FORM,"FormFactor, Inc.",revenue,Revenue (GAAP),USD,2018,Q4,2018Q4,2026-07-21,140887000,False,False,False,2018-09-30,2018-12-29,RevenueFromContractWithCustomerExcludingAssessedTax,10-K,0001039399-20-000011,2020-02-21,5898000,4.37,8986000,6.81
FORM,"FormFactor, Inc.",revenue,Revenue (GAAP),USD,2019,Q1,2019Q1,2026-07-21,132213000,False,False,False,2018-12-30,2019-03-30,RevenueFromContractWithCustomerExcludingAssessedTax,10-Q,0001039399-20-000026,2020-05-07,-8674000,-6.16,13923000,11.77
FORM,"FormFactor, Inc.",revenue,Revenue (GAAP),USD,2019,Q2,2019Q2,2026-07-21,138018000,False,False,False,2019-03-31,2019-06-29,RevenueFromContractWithCustomerExcludingAssessedTax,10-Q,0001039399-20-000073,2020-08-04,5805000,4.39,2509000,1.85
FORM,"FormFactor, Inc.",revenue,Revenue (GAAP),USD,2019,Q3,2019Q3,2026-07-21,140604000,False,False,False,2019-06-30,2019-09-28,RevenueFromContractWithCustomerExcludingAssessedTax,10-Q,0001039399-20-000089,2020-11-03,2586000,1.87,5615000,4.16
FORM,"FormFactor, Inc.",revenue,Revenue (GAAP),USD,2019,Q4,2019Q4,2026-07-21,178629000,False,False,False,2019-09-29,2019-12-28,RevenueFromContractWithCustomerExcludingAssessedTax,10-K,0001039399-20-000011,2020-02-21,38025000,27.04,37742000,26.79
FORM,"FormFactor, Inc.",revenue,Revenue (GAAP),USD,2020,Q1,2020Q1,2026-07-21,160753000,False,False,False,2019-12-29,2020-03-28,RevenueFromContractWithCustomerExcludingAssessedTax,10-Q,0001039399-21-000022,2021-05-04,-17876000,-10.01,28540000,21.59
FORM,"FormFactor, Inc.",revenue,Revenue (GAAP),USD,2020,Q2,2020Q2,2026-07-21,157824000,False,False,False,2020-03-29,2020-06-27,RevenueFromContractWithCustomerExcludingAssessedTax,10-Q,0001039399-21-000064,2021-07-30,-2929000,-1.82,19806000,14.35
FORM,"FormFactor, Inc.",revenue,Revenue (GAAP),USD,2020,Q3,2020Q3,2026-07-21,177996000,False,False,False,2020-06-28,2020-09-26,RevenueFromContractWithCustomerExcludingAssessedTax,10-Q,0001039399-21-000085,2021-11-02,20172000,12.78,37392000,26.59
FORM,"FormFactor, Inc.",revenue,Revenue (GAAP),USD,2020,Q4,2020Q4,2026-07-21,197043000,False,True,False,2020-09-27,2020-12-26,RevenueFromContractWithCustomerExcludingAssessedTax,10-K,0001039399-23-000010,2023-02-24,19047000,10.7,18414000,10.31
FORM,"FormFactor, Inc.",revenue,Revenue (GAAP),USD,2021,Q1,2021Q1,2026-07-21,186636000,False,False,False,2020-12-27,2021-03-27,RevenueFromContractWithCustomerExcludingAssessedTax,10-Q,0001039399-22-000020,2022-05-03,-10407000,-5.28,25883000,16.1
FORM,"FormFactor, Inc.",revenue,Revenue (GAAP),USD,2021,Q2,2021Q2,2026-07-21,188076000,False,False,False,2021-03-28,2021-06-26,RevenueFromContractWithCustomerExcludingAssessedTax,10-Q,0001039399-22-000076,2022-08-02,1440000,0.77,30252000,19.17
FORM,"FormFactor, Inc.",revenue,Revenue (GAAP),USD,2021,Q3,2021Q3,2026-07-21,189964000,False,False,False,2021-06-27,2021-09-25,RevenueFromContractWithCustomerExcludingAssessedTax,10-Q,0001039399-22-000099,2022-11-01,1888000,1.0,11968000,6.72
FORM,"FormFactor, Inc.",revenue,Revenue (GAAP),USD,2021,Q4,2021Q4,2026-07-21,204998000,False,True,False,2021-09-26,2021-12-25,RevenueFromContractWithCustomerExcludingAssessedTax,10-K,0001039399-24-000007,2024-02-23,15034000,7.91,7955000,4.04
FORM,"FormFactor, Inc.",revenue,Revenue (GAAP),USD,2022,Q1,2022Q1,2026-07-21,197174000,False,False,False,2021-12-26,2022-03-26,RevenueFromContractWithCustomerExcludingAssessedTax,10-Q,0001039399-23-000019,2023-05-09,-7824000,-3.82,10538000,5.65
FORM,"FormFactor, Inc.",revenue,Revenue (GAAP),USD,2022,Q2,2022Q2,2026-07-21,203907000,False,False,False,2022-03-27,2022-06-25,RevenueFromContractWithCustomerExcludingAssessedTax,10-Q,0001039399-23-000036,2023-08-08,6733000,3.41,15831000,8.42
FORM,"FormFactor, Inc.",revenue,Revenue (GAAP),USD,2022,Q3,2022Q3,2026-07-21,180869000,False,False,False,2022-06-26,2022-09-24,RevenueFromContractWithCustomerExcludingAssessedTax,10-Q,0001039399-23-000049,2023-11-07,-23038000,-11.3,-9095000,-4.79
FORM,"FormFactor, Inc.",revenue,Revenue (GAAP),USD,2022,Q4,2022Q4,2026-07-21,165987000,False,True,False,2022-09-25,2022-12-31,RevenueFromContractWithCustomerExcludingAssessedTax,10-K,0001039399-25-000023,2025-02-21,-14882000,-8.23,-39011000,-19.03
FORM,"FormFactor, Inc.",revenue,Revenue (GAAP),USD,2023,Q1,2023Q1,2026-07-21,167448000,False,False,False,2023-01-01,2023-04-01,RevenueFromContractWithCustomerExcludingAssessedTax,10-Q,0001039399-24-000016,2024-05-07,1461000,0.88,-29726000,-15.08
FORM,"FormFactor, Inc.",revenue,Revenue (GAAP),USD,2023,Q2,2023Q2,2026-07-21,155916000,False,False,False,2023-04-02,2023-07-01,RevenueFromContractWithCustomerExcludingAssessedTax,10-Q,0001039399-24-000028,2024-08-07,-11532000,-6.89,-47991000,-23.54
FORM,"FormFactor, Inc.",revenue,Revenue (GAAP),USD,2023,Q3,2023Q3,2026-07-21,171575000,False,False,False,2023-07-02,2023-09-30,RevenueFromContractWithCustomerExcludingAssessedTax,10-Q,0001039399-24-000035,2024-11-05,15659000,10.04,-9294000,-5.14
FORM,"FormFactor, Inc.",revenue,Revenue (GAAP),USD,2023,Q4,2023Q4,2026-07-21,168163000,False,True,False,2023-10-01,2023-12-30,RevenueFromContractWithCustomerExcludingAssessedTax,10-K,0001039399-26-000009,2026-02-20,-3412000,-1.99,2176000,1.31
FORM,"FormFactor, Inc.",revenue,Revenue (GAAP),USD,2024,Q1,2024Q1,2026-07-21,168725000,False,False,False,2023-12-31,2024-03-30,RevenueFromContractWithCustomerExcludingAssessedTax,10-Q,0001039399-25-000038,2025-05-06,562000,0.33,1277000,0.76
FORM,"FormFactor, Inc.",revenue,Revenue (GAAP),USD,2024,Q2,2024Q2,2026-07-21,197474000,False,False,False,2024-03-31,2024-06-29,RevenueFromContractWithCustomerExcludingAssessedTax,10-Q,0001039399-25-000083,2025-08-05,28749000,17.04,41558000,26.65
FORM,"FormFactor, Inc.",revenue,Revenue (GAAP),USD,2024,Q3,2024Q3,2026-07-21,207917000,False,False,False,2024-06-30,2024-09-28,RevenueFromContractWithCustomerExcludingAssessedTax,10-Q,0001039399-25-000113,2025-11-04,10443000,5.29,36342000,21.18
FORM,"FormFactor, Inc.",revenue,Revenue (GAAP),USD,2024,Q4,2024Q4,2026-07-21,189483000,False,True,False,2024-09-29,2024-12-28,RevenueFromContractWithCustomerExcludingAssessedTax,10-K,0001039399-26-000009,2026-02-20,-18434000,-8.87,21320000,12.68
FORM,"FormFactor, Inc.",revenue,Revenue (GAAP),USD,2025,Q1,2025Q1,2026-07-21,171356000,False,False,False,2024-12-29,2025-03-29,RevenueFromContractWithCustomerExcludingAssessedTax,10-Q,0001039399-26-000023,2026-05-05,-18127000,-9.57,2631000,1.56
FORM,"FormFactor, Inc.",revenue,Revenue (GAAP),USD,2025,Q2,2025Q2,2026-07-21,195798000,False,False,False,2025-03-30,2025-06-28,RevenueFromContractWithCustomerExcludingAssessedTax,10-Q,0001039399-25-000083,2025-08-05,24442000,14.26,-1676000,-0.85
FORM,"FormFactor, Inc.",revenue,Revenue (GAAP),USD,2025,Q3,2025Q3,2026-07-21,202676000,False,False,False,2025-06-29,2025-09-27,RevenueFromContractWithCustomerExcludingAssessedTax,10-Q,0001039399-25-000113,2025-11-04,6878000,3.51,-5241000,-2.52
FORM,"FormFactor, Inc.",revenue,Revenue (GAAP),USD,2025,Q4,2025Q4,2026-07-21,215163000,False,True,False,2025-09-28,2025-12-27,RevenueFromContractWithCustomerExcludingAssessedTax,10-K,0001039399-26-000009,2026-02-20,12487000,6.16,25680000,13.55
FORM,"FormFactor, Inc.",revenue,Revenue (GAAP),USD,2026,Q1,2026Q1,2026-07-21,226144000,False,False,False,2025-12-28,2026-03-28,RevenueFromContractWithCustomerExcludingAssessedTax,10-Q,0001039399-26-000023,2026-05-05,10981000,5.1,54788000,31.97
FORM,"FormFactor, Inc.",gross_profit,Gross Profit (GAAP),USD,2018,Q1,2018Q1,2026-07-21,45129000,False,False,False,2017-12-31,2018-03-31,GrossProfit,10-K,0001039399-20-000011,2020-02-21,-3500000,-7.2,-2442000,-5.13
FORM,"FormFactor, Inc.",gross_profit,Gross Profit (GAAP),USD,2018,Q2,2018Q2,2026-07-21,56218000,False,False,False,2018-04-01,2018-06-30,GrossProfit,10-K,0001039399-20-000011,2020-02-21,11089000,24.57,-5549000,-8.98
FORM,"FormFactor, Inc.",gross_profit,Gross Profit (GAAP),USD,2018,Q3,2018Q3,2026-07-21,52970000,False,False,False,2018-07-01,2018-09-29,GrossProfit,10-K,0001039399-20-000011,2020-02-21,-3248000,-5.78,-4660000,-8.09
FORM,"FormFactor, Inc.",gross_profit,Gross Profit (GAAP),USD,2018,Q4,2018Q4,2026-07-21,56022000,False,False,False,2018-09-30,2018-12-29,GrossProfit,10-K,0001039399-20-000011,2020-02-21,3052000,5.76,7393000,15.2
FORM,"FormFactor, Inc.",gross_profit,Gross Profit (GAAP),USD,2019,Q1,2019Q1,2026-07-21,52521000,False,False,False,2018-12-30,2019-03-30,GrossProfit,10-Q,0001039399-20-000026,2020-05-07,-3501000,-6.25,7392000,16.38
FORM,"FormFactor, Inc.",gross_profit,Gross Profit (GAAP),USD,2019,Q2,2019Q2,2026-07-21,55352000,False,False,False,2019-03-31,2019-06-29,GrossProfit,10-Q,0001039399-20-000073,2020-08-04,2831000,5.39,-866000,-1.54
FORM,"FormFactor, Inc.",gross_profit,Gross Profit (GAAP),USD,2019,Q3,2019Q3,2026-07-21,55318000,False,False,False,2019-06-30,2019-09-28,GrossProfit,10-Q,0001039399-20-000089,2020-11-03,-34000,-0.06,2348000,4.43
FORM,"FormFactor, Inc.",gross_profit,Gross Profit (GAAP),USD,2019,Q4,2019Q4,2026-07-21,74305000,False,False,False,2019-09-29,2019-12-28,GrossProfit,10-K,0001039399-20-000011,2020-02-21,18987000,34.32,18283000,32.64
FORM,"FormFactor, Inc.",gross_profit,Gross Profit (GAAP),USD,2020,Q1,2020Q1,2026-07-21,67390000,False,False,False,2019-12-29,2020-03-28,GrossProfit,10-Q,0001039399-21-000022,2021-05-04,-6915000,-9.31,14869000,28.31
FORM,"FormFactor, Inc.",gross_profit,Gross Profit (GAAP),USD,2020,Q2,2020Q2,2026-07-21,66167000,False,False,False,2020-03-29,2020-06-27,GrossProfit,10-Q,0001039399-21-000064,2021-07-30,-1223000,-1.81,10815000,19.54
FORM,"FormFactor, Inc.",gross_profit,Gross Profit (GAAP),USD,2020,Q3,2020Q3,2026-07-21,76749000,False,False,False,2020-06-28,2020-09-26,GrossProfit,10-Q,0001039399-21-000085,2021-11-02,10582000,15.99,21431000,38.74
FORM,"FormFactor, Inc.",gross_profit,Gross Profit (GAAP),USD,2020,Q4,2020Q4,2026-07-21,77614000,False,True,False,2020-09-27,2020-12-26,GrossProfit,10-K,0001039399-23-000010,2023-02-24,865000,1.13,3309000,4.45
FORM,"FormFactor, Inc.",gross_profit,Gross Profit (GAAP),USD,2021,Q1,2021Q1,2026-07-21,76706000,False,False,False,2020-12-27,2021-03-27,GrossProfit,10-Q,0001039399-22-000020,2022-05-03,-908000,-1.17,9316000,13.82
FORM,"FormFactor, Inc.",gross_profit,Gross Profit (GAAP),USD,2021,Q2,2021Q2,2026-07-21,76283000,False,False,False,2021-03-28,2021-06-26,GrossProfit,10-Q,0001039399-22-000076,2022-08-02,-423000,-0.55,10116000,15.29
FORM,"FormFactor, Inc.",gross_profit,Gross Profit (GAAP),USD,2021,Q3,2021Q3,2026-07-21,80219000,False,False,False,2021-06-27,2021-09-25,GrossProfit,10-Q,0001039399-22-000099,2022-11-01,3936000,5.16,3470000,4.52
FORM,"FormFactor, Inc.",gross_profit,Gross Profit (GAAP),USD,2021,Q4,2021Q4,2026-07-21,89559000,False,True,False,2021-09-26,2021-12-25,GrossProfit,10-K,0001039399-24-000007,2024-02-23,9340000,11.64,11945000,15.39
FORM,"FormFactor, Inc.",gross_profit,Gross Profit (GAAP),USD,2022,Q1,2022Q1,2026-07-21,94224000,False,False,False,2021-12-26,2022-03-26,GrossProfit,10-Q,0001039399-23-000019,2023-05-09,4665000,5.21,17518000,22.84
FORM,"FormFactor, Inc.",gross_profit,Gross Profit (GAAP),USD,2022,Q2,2022Q2,2026-07-21,94369000,False,False,False,2022-03-27,2022-06-25,GrossProfit,10-Q,0001039399-23-000036,2023-08-08,145000,0.15,18086000,23.71
FORM,"FormFactor, Inc.",gross_profit,Gross Profit (GAAP),USD,2022,Q3,2022Q3,2026-07-21,62213000,False,False,False,2022-06-26,2022-09-24,GrossProfit,10-Q,0001039399-23-000049,2023-11-07,-32156000,-34.07,-18006000,-22.45
FORM,"FormFactor, Inc.",gross_profit,Gross Profit (GAAP),USD,2022,Q4,2022Q4,2026-07-21,45203000,False,True,False,2022-09-25,2022-12-31,GrossProfit,10-K,0001039399-25-000023,2025-02-21,-17010000,-27.34,-44356000,-49.53
FORM,"FormFactor, Inc.",gross_profit,Gross Profit (GAAP),USD,2023,Q1,2023Q1,2026-07-21,61078000,False,False,False,2023-01-01,2023-04-01,GrossProfit,10-Q,0001039399-24-000016,2024-05-07,15875000,35.12,-33146000,-35.18
FORM,"FormFactor, Inc.",gross_profit,Gross Profit (GAAP),USD,2023,Q2,2023Q2,2026-07-21,60283000,False,False,False,2023-04-02,2023-07-01,GrossProfit,10-Q,0001039399-24-000028,2024-08-07,-795000,-1.3,-34086000,-36.12
FORM,"FormFactor, Inc.",gross_profit,Gross Profit (GAAP),USD,2023,Q3,2023Q3,2026-07-21,69285000,False,False,False,2023-07-02,2023-09-30,GrossProfit,10-Q,0001039399-24-000035,2024-11-05,9002000,14.93,7072000,11.37
FORM,"FormFactor, Inc.",gross_profit,Gross Profit (GAAP),USD,2023,Q4,2023Q4,2026-07-21,67934000,False,True,False,2023-10-01,2023-12-30,GrossProfit,10-K,0001039399-26-000009,2026-02-20,-1351000,-1.95,22731000,50.29
FORM,"FormFactor, Inc.",gross_profit,Gross Profit (GAAP),USD,2024,Q1,2024Q1,2026-07-21,62738000,False,False,False,2023-12-31,2024-03-30,GrossProfit,10-Q,0001039399-25-000038,2025-05-06,-5196000,-7.65,1660000,2.72
FORM,"FormFactor, Inc.",gross_profit,Gross Profit (GAAP),USD,2024,Q2,2024Q2,2026-07-21,86900000,False,False,False,2024-03-31,2024-06-29,GrossProfit,10-Q,0001039399-25-000083,2025-08-05,24162000,38.51,26617000,44.15
FORM,"FormFactor, Inc.",gross_profit,Gross Profit (GAAP),USD,2024,Q3,2024Q3,2026-07-21,84705000,False,False,False,2024-06-30,2024-09-28,GrossProfit,10-Q,0001039399-25-000113,2025-11-04,-2195000,-2.53,15420000,22.26
FORM,"FormFactor, Inc.",gross_profit,Gross Profit (GAAP),USD,2024,Q4,2024Q4,2026-07-21,73580000,False,True,False,2024-09-29,2024-12-28,GrossProfit,10-K,0001039399-26-000009,2026-02-20,-11125000,-13.13,5646000,8.31
FORM,"FormFactor, Inc.",gross_profit,Gross Profit (GAAP),USD,2025,Q1,2025Q1,2026-07-21,64523000,False,False,False,2024-12-29,2025-03-29,GrossProfit,10-Q,0001039399-26-000023,2026-05-05,-9057000,-12.31,1785000,2.85
FORM,"FormFactor, Inc.",gross_profit,Gross Profit (GAAP),USD,2025,Q2,2025Q2,2026-07-21,72938000,False,False,False,2025-03-30,2025-06-28,GrossProfit,10-Q,0001039399-25-000083,2025-08-05,8415000,13.04,-13962000,-16.07
FORM,"FormFactor, Inc.",gross_profit,Gross Profit (GAAP),USD,2025,Q3,2025Q3,2026-07-21,80626000,False,False,False,2025-06-29,2025-09-27,GrossProfit,10-Q,0001039399-25-000113,2025-11-04,7688000,10.54,-4079000,-4.82
FORM,"FormFactor, Inc.",gross_profit,Gross Profit (GAAP),USD,2025,Q4,2025Q4,2026-07-21,90764000,False,True,False,2025-09-28,2025-12-27,GrossProfit,10-K,0001039399-26-000009,2026-02-20,10138000,12.57,17184000,23.35
FORM,"FormFactor, Inc.",gross_profit,Gross Profit (GAAP),USD,2026,Q1,2026Q1,2026-07-21,86794000,False,False,False,2025-12-28,2026-03-28,GrossProfit,10-Q,0001039399-26-000023,2026-05-05,-3970000,-4.37,22271000,34.52
FORM,"FormFactor, Inc.",rnd_expense,R&D Expense (GAAP),USD,2018,Q1,2018Q1,2026-07-21,18046000,False,False,False,2017-12-31,2018-03-31,ResearchAndDevelopmentExpense,10-K,0001039399-20-000011,2020-02-21,-467000,-2.52,632000,3.63
FORM,"FormFactor, Inc.",rnd_expense,R&D Expense (GAAP),USD,2018,Q2,2018Q2,2026-07-21,19675000,False,False,False,2018-04-01,2018-06-30,ResearchAndDevelopmentExpense,10-K,0001039399-20-000011,2020-02-21,1629000,9.03,1133000,6.11
FORM,"FormFactor, Inc.",rnd_expense,R&D Expense (GAAP),USD,2018,Q3,2018Q3,2026-07-21,18857000,False,False,False,2018-07-01,2018-09-29,ResearchAndDevelopmentExpense,10-K,0001039399-20-000011,2020-02-21,-818000,-4.16,-481000,-2.49
FORM,"FormFactor, Inc.",rnd_expense,R&D Expense (GAAP),USD,2018,Q4,2018Q4,2026-07-21,18398000,False,False,False,2018-09-30,2018-12-29,ResearchAndDevelopmentExpense,10-K,0001039399-20-000011,2020-02-21,-459000,-2.43,-115000,-0.62
FORM,"FormFactor, Inc.",rnd_expense,R&D Expense (GAAP),USD,2019,Q1,2019Q1,2026-07-21,19723000,False,False,False,2018-12-30,2019-03-30,ResearchAndDevelopmentExpense,10-Q,0001039399-20-000026,2020-05-07,1325000,7.2,1677000,9.29
FORM,"FormFactor, Inc.",rnd_expense,R&D Expense (GAAP),USD,2019,Q2,2019Q2,2026-07-21,20074000,False,False,False,2019-03-31,2019-06-29,ResearchAndDevelopmentExpense,10-Q,0001039399-20-000073,2020-08-04,351000,1.78,399000,2.03
FORM,"FormFactor, Inc.",rnd_expense,R&D Expense (GAAP),USD,2019,Q3,2019Q3,2026-07-21,20096000,False,False,False,2019-06-30,2019-09-28,ResearchAndDevelopmentExpense,10-Q,0001039399-20-000089,2020-11-03,22000,0.11,1239000,6.57
FORM,"FormFactor, Inc.",rnd_expense,R&D Expense (GAAP),USD,2019,Q4,2019Q4,2026-07-21,21606000,False,False,False,2019-09-29,2019-12-28,ResearchAndDevelopmentExpense,10-K,0001039399-20-000011,2020-02-21,1510000,7.51,3208000,17.44
FORM,"FormFactor, Inc.",rnd_expense,R&D Expense (GAAP),USD,2020,Q1,2020Q1,2026-07-21,21267000,False,False,False,2019-12-29,2020-03-28,ResearchAndDevelopmentExpense,10-Q,0001039399-21-000022,2021-05-04,-339000,-1.57,1544000,7.83
FORM,"FormFactor, Inc.",rnd_expense,R&D Expense (GAAP),USD,2020,Q2,2020Q2,2026-07-21,20919000,False,False,False,2020-03-29,2020-06-27,ResearchAndDevelopmentExpense,10-Q,0001039399-21-000064,2021-07-30,-348000,-1.64,845000,4.21
FORM,"FormFactor, Inc.",rnd_expense,R&D Expense (GAAP),USD,2020,Q3,2020Q3,2026-07-21,22878000,False,False,False,2020-06-28,2020-09-26,ResearchAndDevelopmentExpense,10-Q,0001039399-21-000085,2021-11-02,1959000,9.36,2782000,13.84
FORM,"FormFactor, Inc.",rnd_expense,R&D Expense (GAAP),USD,2020,Q4,2020Q4,2026-07-21,23970000,False,True,False,2020-09-27,2020-12-26,ResearchAndDevelopmentExpense,10-K,0001039399-23-000010,2023-02-24,1092000,4.77,2364000,10.94
FORM,"FormFactor, Inc.",rnd_expense,R&D Expense (GAAP),USD,2021,Q1,2021Q1,2026-07-21,24046000,False,False,False,2020-12-27,2021-03-27,ResearchAndDevelopmentExpense,10-Q,0001039399-22-000020,2022-05-03,76000,0.32,2779000,13.07
FORM,"FormFactor, Inc.",rnd_expense,R&D Expense (GAAP),USD,2021,Q2,2021Q2,2026-07-21,25454000,False,False,False,2021-03-28,2021-06-26,ResearchAndDevelopmentExpense,10-Q,0001039399-22-000076,2022-08-02,1408000,5.86,4535000,21.68
FORM,"FormFactor, Inc.",rnd_expense,R&D Expense (GAAP),USD,2021,Q3,2021Q3,2026-07-21,26026000,False,False,False,2021-06-27,2021-09-25,ResearchAndDevelopmentExpense,10-Q,0001039399-22-000099,2022-11-01,572000,2.25,3148000,13.76
FORM,"FormFactor, Inc.",rnd_expense,R&D Expense (GAAP),USD,2021,Q4,2021Q4,2026-07-21,25411000,False,True,False,2021-09-26,2021-12-25,ResearchAndDevelopmentExpense,10-K,0001039399-24-000007,2024-02-23,-615000,-2.36,1441000,6.01
FORM,"FormFactor, Inc.",rnd_expense,R&D Expense (GAAP),USD,2022,Q1,2022Q1,2026-07-21,27134000,False,False,False,2021-12-26,2022-03-26,ResearchAndDevelopmentExpense,10-Q,0001039399-23-000019,2023-05-09,1723000,6.78,3088000,12.84
FORM,"FormFactor, Inc.",rnd_expense,R&D Expense (GAAP),USD,2022,Q2,2022Q2,2026-07-21,28317000,False,False,False,2022-03-27,2022-06-25,ResearchAndDevelopmentExpense,10-Q,0001039399-23-000036,2023-08-08,1183000,4.36,2863000,11.25
FORM,"FormFactor, Inc.",rnd_expense,R&D Expense (GAAP),USD,2022,Q3,2022Q3,2026-07-21,26549000,False,False,False,2022-06-26,2022-09-24,ResearchAndDevelopmentExpense,10-Q,0001039399-23-000049,2023-11-07,-1768000,-6.24,523000,2.01
FORM,"FormFactor, Inc.",rnd_expense,R&D Expense (GAAP),USD,2022,Q4,2022Q4,2026-07-21,27222000,False,True,False,2022-09-25,2022-12-31,ResearchAndDevelopmentExpense,10-K,0001039399-25-000023,2025-02-21,673000,2.53,1811000,7.13
FORM,"FormFactor, Inc.",rnd_expense,R&D Expense (GAAP),USD,2023,Q1,2023Q1,2026-07-21,28245000,False,False,False,2023-01-01,2023-04-01,ResearchAndDevelopmentExpense,10-Q,0001039399-24-000016,2024-05-07,1023000,3.76,1111000,4.09
FORM,"FormFactor, Inc.",rnd_expense,R&D Expense (GAAP),USD,2023,Q2,2023Q2,2026-07-21,28340000,False,False,False,2023-04-02,2023-07-01,ResearchAndDevelopmentExpense,10-Q,0001039399-24-000028,2024-08-07,95000,0.34,23000,0.08
FORM,"FormFactor, Inc.",rnd_expense,R&D Expense (GAAP),USD,2023,Q3,2023Q3,2026-07-21,31014000,False,False,False,2023-07-02,2023-09-30,ResearchAndDevelopmentExpense,10-Q,0001039399-24-000035,2024-11-05,2674000,9.44,4465000,16.82
FORM,"FormFactor, Inc.",rnd_expense,R&D Expense (GAAP),USD,2023,Q4,2023Q4,2026-07-21,28166000,False,True,False,2023-10-01,2023-12-30,ResearchAndDevelopmentExpense,10-K,0001039399-26-000009,2026-02-20,-2848000,-9.18,944000,3.47
FORM,"FormFactor, Inc.",rnd_expense,R&D Expense (GAAP),USD,2024,Q1,2024Q1,2026-07-21,28627000,False,False,False,2023-12-31,2024-03-30,ResearchAndDevelopmentExpense,10-Q,0001039399-25-000038,2025-05-06,461000,1.64,382000,1.35
FORM,"FormFactor, Inc.",rnd_expense,R&D Expense (GAAP),USD,2024,Q2,2024Q2,2026-07-21,31564000,False,False,False,2024-03-31,2024-06-29,ResearchAndDevelopmentExpense,10-Q,0001039399-25-000083,2025-08-05,2937000,10.26,3224000,11.38
FORM,"FormFactor, Inc.",rnd_expense,R&D Expense (GAAP),USD,2024,Q3,2024Q3,2026-07-21,31243000,False,False,False,2024-06-30,2024-09-28,ResearchAndDevelopmentExpense,10-Q,0001039399-25-000113,2025-11-04,-321000,-1.02,229000,0.74
FORM,"FormFactor, Inc.",rnd_expense,R&D Expense (GAAP),USD,2024,Q4,2024Q4,2026-07-21,30504000,False,True,False,2024-09-29,2024-12-28,ResearchAndDevelopmentExpense,10-K,0001039399-26-000009,2026-02-20,-739000,-2.37,2338000,8.3
FORM,"FormFactor, Inc.",rnd_expense,R&D Expense (GAAP),USD,2025,Q1,2025Q1,2026-07-21,27800000,False,False,False,2024-12-29,2025-03-29,ResearchAndDevelopmentExpense,10-Q,0001039399-26-000023,2026-05-05,-2704000,-8.86,-827000,-2.89
FORM,"FormFactor, Inc.",rnd_expense,R&D Expense (GAAP),USD,2025,Q2,2025Q2,2026-07-21,28793000,False,False,False,2025-03-30,2025-06-28,ResearchAndDevelopmentExpense,10-Q,0001039399-25-000083,2025-08-05,993000,3.57,-2771000,-8.78
FORM,"FormFactor, Inc.",rnd_expense,R&D Expense (GAAP),USD,2025,Q3,2025Q3,2026-07-21,28686000,False,False,False,2025-06-29,2025-09-27,ResearchAndDevelopmentExpense,10-Q,0001039399-25-000113,2025-11-04,-107000,-0.37,-2557000,-8.18
FORM,"FormFactor, Inc.",rnd_expense,R&D Expense (GAAP),USD,2025,Q4,2025Q4,2026-07-21,30403000,False,True,False,2025-09-28,2025-12-27,ResearchAndDevelopmentExpense,10-K,0001039399-26-000009,2026-02-20,1717000,5.99,-101000,-0.33
FORM,"FormFactor, Inc.",rnd_expense,R&D Expense (GAAP),USD,2026,Q1,2026Q1,2026-07-21,30780000,False,False,False,2025-12-28,2026-03-28,ResearchAndDevelopmentExpense,10-Q,0001039399-26-000023,2026-05-05,377000,1.24,2980000,10.72
FORM,"FormFactor, Inc.",sgna_expense,SG&A Expense (GAAP),USD,2018,Q1,2018Q1,2026-07-21,23449000,False,False,False,2017-12-31,2018-03-31,SellingGeneralAndAdministrativeExpense,10-K,0001039399-20-000011,2020-02-21,-789000,-3.26,620000,2.72
FORM,"FormFactor, Inc.",sgna_expense,SG&A Expense (GAAP),USD,2018,Q2,2018Q2,2026-07-21,25232000,False,False,False,2018-04-01,2018-06-30,SellingGeneralAndAdministrativeExpense,10-K,0001039399-20-000011,2020-02-21,1783000,7.6,1630000,6.91
FORM,"FormFactor, Inc.",sgna_expense,SG&A Expense (GAAP),USD,2018,Q3,2018Q3,2026-07-21,24745000,False,False,False,2018-07-01,2018-09-29,SellingGeneralAndAdministrativeExpense,10-K,0001039399-20-000011,2020-02-21,-487000,-1.93,735000,3.06
FORM,"FormFactor, Inc.",sgna_expense,SG&A Expense (GAAP),USD,2018,Q4,2018Q4,2026-07-21,25828000,False,False,True,2018-09-30,2018-12-29,SellingGeneralAndAdministrativeExpense,10-K,0001039399-20-000011,2020-02-21,1083000,4.38,1590000,6.56
FORM,"FormFactor, Inc.",sgna_expense,SG&A Expense (GAAP),USD,2019,Q1,2019Q1,2026-07-21,25184000,False,False,False,2018-12-30,2019-03-30,SellingGeneralAndAdministrativeExpense,10-Q,0001039399-20-000026,2020-05-07,-644000,-2.49,1735000,7.4
FORM,"FormFactor, Inc.",sgna_expense,SG&A Expense (GAAP),USD,2019,Q2,2019Q2,2026-07-21,26283000,False,False,False,2019-03-31,2019-06-29,SellingGeneralAndAdministrativeExpense,10-Q,0001039399-20-000073,2020-08-04,1099000,4.36,1051000,4.17
FORM,"FormFactor, Inc.",sgna_expense,SG&A Expense (GAAP),USD,2019,Q3,2019Q3,2026-07-21,25887000,False,False,False,2019-06-30,2019-09-28,SellingGeneralAndAdministrativeExpense,10-Q,0001039399-20-000089,2020-11-03,-396000,-1.51,1142000,4.62
FORM,"FormFactor, Inc.",sgna_expense,SG&A Expense (GAAP),USD,2019,Q4,2019Q4,2026-07-21,28981000,False,False,False,2019-09-29,2019-12-28,SellingGeneralAndAdministrativeExpense,10-K,0001039399-20-000011,2020-02-21,3094000,11.95,3153000,12.21
FORM,"FormFactor, Inc.",sgna_expense,SG&A Expense (GAAP),USD,2020,Q1,2020Q1,2026-07-21,27693000,False,False,False,2019-12-29,2020-03-28,SellingGeneralAndAdministrativeExpense,10-Q,0001039399-21-000022,2021-05-04,-1288000,-4.44,2509000,9.96
FORM,"FormFactor, Inc.",sgna_expense,SG&A Expense (GAAP),USD,2020,Q2,2020Q2,2026-07-21,22755000,False,False,False,2020-03-29,2020-06-27,SellingGeneralAndAdministrativeExpense,10-Q,0001039399-21-000064,2021-07-30,-4938000,-17.83,-3528000,-13.42
FORM,"FormFactor, Inc.",sgna_expense,SG&A Expense (GAAP),USD,2020,Q3,2020Q3,2026-07-21,31834000,False,False,False,2020-06-28,2020-09-26,SellingGeneralAndAdministrativeExpense,10-Q,0001039399-21-000085,2021-11-02,9079000,39.9,5947000,22.97
FORM,"FormFactor, Inc.",sgna_expense,SG&A Expense (GAAP),USD,2020,Q4,2020Q4,2026-07-21,32816000,False,True,False,2020-09-27,2020-12-26,SellingGeneralAndAdministrativeExpense,10-K,0001039399-23-000010,2023-02-24,982000,3.08,3835000,13.23
FORM,"FormFactor, Inc.",sgna_expense,SG&A Expense (GAAP),USD,2021,Q1,2021Q1,2026-07-21,30015000,False,False,False,2020-12-27,2021-03-27,SellingGeneralAndAdministrativeExpense,10-Q,0001039399-22-000020,2022-05-03,-2801000,-8.54,2322000,8.38
FORM,"FormFactor, Inc.",sgna_expense,SG&A Expense (GAAP),USD,2021,Q2,2021Q2,2026-07-21,30479000,False,False,False,2021-03-28,2021-06-26,SellingGeneralAndAdministrativeExpense,10-Q,0001039399-22-000076,2022-08-02,464000,1.55,7724000,33.94
FORM,"FormFactor, Inc.",sgna_expense,SG&A Expense (GAAP),USD,2021,Q3,2021Q3,2026-07-21,30940000,False,False,False,2021-06-27,2021-09-25,SellingGeneralAndAdministrativeExpense,10-Q,0001039399-22-000099,2022-11-01,461000,1.51,-894000,-2.81
FORM,"FormFactor, Inc.",sgna_expense,SG&A Expense (GAAP),USD,2021,Q4,2021Q4,2026-07-21,32358000,False,True,False,2021-09-26,2021-12-25,SellingGeneralAndAdministrativeExpense,10-K,0001039399-24-000007,2024-02-23,1418000,4.58,-458000,-1.4
FORM,"FormFactor, Inc.",sgna_expense,SG&A Expense (GAAP),USD,2022,Q1,2022Q1,2026-07-21,32906000,False,False,False,2021-12-26,2022-03-26,SellingGeneralAndAdministrativeExpense,10-Q,0001039399-23-000019,2023-05-09,548000,1.69,2891000,9.63
FORM,"FormFactor, Inc.",sgna_expense,SG&A Expense (GAAP),USD,2022,Q2,2022Q2,2026-07-21,33406000,False,False,False,2022-03-27,2022-06-25,SellingGeneralAndAdministrativeExpense,10-Q,0001039399-23-000036,2023-08-08,500000,1.52,2927000,9.6
FORM,"FormFactor, Inc.",sgna_expense,SG&A Expense (GAAP),USD,2022,Q3,2022Q3,2026-07-21,31637000,False,False,False,2022-06-26,2022-09-24,SellingGeneralAndAdministrativeExpense,10-Q,0001039399-23-000049,2023-11-07,-1769000,-5.3,697000,2.25
FORM,"FormFactor, Inc.",sgna_expense,SG&A Expense (GAAP),USD,2022,Q4,2022Q4,2026-07-21,33926000,False,True,False,2022-09-25,2022-12-31,SellingGeneralAndAdministrativeExpense,10-K,0001039399-25-000023,2025-02-21,2289000,7.24,1568000,4.85
FORM,"FormFactor, Inc.",sgna_expense,SG&A Expense (GAAP),USD,2023,Q1,2023Q1,2026-07-21,32742000,False,False,False,2023-01-01,2023-04-01,SellingGeneralAndAdministrativeExpense,10-Q,0001039399-24-000016,2024-05-07,-1184000,-3.49,-164000,-0.5
FORM,"FormFactor, Inc.",sgna_expense,SG&A Expense (GAAP),USD,2023,Q2,2023Q2,2026-07-21,33255000,False,False,False,2023-04-02,2023-07-01,SellingGeneralAndAdministrativeExpense,10-Q,0001039399-24-000028,2024-08-07,513000,1.57,-151000,-0.45
FORM,"FormFactor, Inc.",sgna_expense,SG&A Expense (GAAP),USD,2023,Q3,2023Q3,2026-07-21,35564000,False,False,False,2023-07-02,2023-09-30,SellingGeneralAndAdministrativeExpense,10-Q,0001039399-24-000035,2024-11-05,2309000,6.94,3927000,12.41
FORM,"FormFactor, Inc.",sgna_expense,SG&A Expense (GAAP),USD,2023,Q4,2023Q4,2026-07-21,31451000,False,True,False,2023-10-01,2023-12-30,SellingGeneralAndAdministrativeExpense,10-K,0001039399-26-000009,2026-02-20,-4113000,-11.57,-2475000,-7.3
FORM,"FormFactor, Inc.",sgna_expense,SG&A Expense (GAAP),USD,2024,Q1,2024Q1,2026-07-21,33079000,False,False,False,2023-12-31,2024-03-30,SellingGeneralAndAdministrativeExpense,10-Q,0001039399-25-000038,2025-05-06,1628000,5.18,337000,1.03
FORM,"FormFactor, Inc.",sgna_expense,SG&A Expense (GAAP),USD,2024,Q2,2024Q2,2026-07-21,37874000,False,False,False,2024-03-31,2024-06-29,SellingGeneralAndAdministrativeExpense,10-Q,0001039399-25-000083,2025-08-05,4795000,14.5,4619000,13.89
FORM,"FormFactor, Inc.",sgna_expense,SG&A Expense (GAAP),USD,2024,Q3,2024Q3,2026-07-21,35607000,False,False,False,2024-06-30,2024-09-28,SellingGeneralAndAdministrativeExpense,10-Q,0001039399-25-000113,2025-11-04,-2267000,-5.99,43000,0.12
FORM,"FormFactor, Inc.",sgna_expense,SG&A Expense (GAAP),USD,2024,Q4,2024Q4,2026-07-21,35226000,False,True,False,2024-09-29,2024-12-28,SellingGeneralAndAdministrativeExpense,10-K,0001039399-26-000009,2026-02-20,-381000,-1.07,3775000,12.0
FORM,"FormFactor, Inc.",sgna_expense,SG&A Expense (GAAP),USD,2025,Q1,2025Q1,2026-07-21,33454000,False,False,False,2024-12-29,2025-03-29,SellingGeneralAndAdministrativeExpense,10-Q,0001039399-26-000023,2026-05-05,-1772000,-5.03,375000,1.13
FORM,"FormFactor, Inc.",sgna_expense,SG&A Expense (GAAP),USD,2025,Q2,2025Q2,2026-07-21,31839000,False,False,False,2025-03-30,2025-06-28,SellingGeneralAndAdministrativeExpense,10-Q,0001039399-25-000083,2025-08-05,-1615000,-4.83,-6035000,-15.93
FORM,"FormFactor, Inc.",sgna_expense,SG&A Expense (GAAP),USD,2025,Q3,2025Q3,2026-07-21,32971000,False,False,False,2025-06-29,2025-09-27,SellingGeneralAndAdministrativeExpense,10-Q,0001039399-25-000113,2025-11-04,1132000,3.56,-2636000,-7.4
FORM,"FormFactor, Inc.",sgna_expense,SG&A Expense (GAAP),USD,2025,Q4,2025Q4,2026-07-21,34810000,False,True,False,2025-09-28,2025-12-27,SellingGeneralAndAdministrativeExpense,10-K,0001039399-26-000009,2026-02-20,1839000,5.58,-416000,-1.18
FORM,"FormFactor, Inc.",sgna_expense,SG&A Expense (GAAP),USD,2026,Q1,2026Q1,2026-07-21,32292000,False,False,False,2025-12-28,2026-03-28,SellingGeneralAndAdministrativeExpense,10-Q,0001039399-26-000023,2026-05-05,-2518000,-7.23,-1162000,-3.47
FORM,"FormFactor, Inc.",opex_total,Total Operating Expenses (GAAP),USD,2018,Q1,2018Q1,2026-07-21,41495000,False,False,False,2017-12-31,2018-03-31,OperatingExpenses,10-K,0001039399-20-000011,2020-02-21,-1737000,-4.02,983000,2.43
FORM,"FormFactor, Inc.",opex_total,Total Operating Expenses (GAAP),USD,2018,Q2,2018Q2,2026-07-21,44907000,False,False,False,2018-04-01,2018-06-30,OperatingExpenses,10-K,0001039399-20-000011,2020-02-21,3412000,8.22,2719000,6.44
FORM,"FormFactor, Inc.",opex_total,Total Operating Expenses (GAAP),USD,2018,Q3,2018Q3,2026-07-21,43602000,False,False,False,2018-07-01,2018-09-29,OperatingExpenses,10-K,0001039399-20-000011,2020-02-21,-1305000,-2.91,238000,0.55
FORM,"FormFactor, Inc.",opex_total,Total Operating Expenses (GAAP),USD,2018,Q4,2018Q4,2026-07-21,44226000,False,False,False,2018-09-30,2018-12-29,OperatingExpenses,10-K,0001039399-20-000011,2020-02-21,624000,1.43,994000,2.3
FORM,"FormFactor, Inc.",opex_total,Total Operating Expenses (GAAP),USD,2019,Q1,2019Q1,2026-07-21,44907000,False,False,False,2018-12-30,2019-03-30,OperatingExpenses,10-Q,0001039399-20-000026,2020-05-07,681000,1.54,3412000,8.22
FORM,"FormFactor, Inc.",opex_total,Total Operating Expenses (GAAP),USD,2019,Q2,2019Q2,2026-07-21,46357000,False,False,False,2019-03-31,2019-06-29,OperatingExpenses,10-Q,0001039399-20-000073,2020-08-04,1450000,3.23,1450000,3.23
FORM,"FormFactor, Inc.",opex_total,Total Operating Expenses (GAAP),USD,2019,Q3,2019Q3,2026-07-21,45983000,False,False,False,2019-06-30,2019-09-28,OperatingExpenses,10-Q,0001039399-20-000089,2020-11-03,-374000,-0.81,2381000,5.46
FORM,"FormFactor, Inc.",opex_total,Total Operating Expenses (GAAP),USD,2019,Q4,2019Q4,2026-07-21,50587000,False,False,False,2019-09-29,2019-12-28,OperatingExpenses,10-K,0001039399-20-000011,2020-02-21,4604000,10.01,6361000,14.38
FORM,"FormFactor, Inc.",opex_total,Total Operating Expenses (GAAP),USD,2020,Q1,2020Q1,2026-07-21,48960000,False,False,False,2019-12-29,2020-03-28,OperatingExpenses,10-Q,0001039399-21-000022,2021-05-04,-1627000,-3.22,4053000,9.03
FORM,"FormFactor, Inc.",opex_total,Total Operating Expenses (GAAP),USD,2020,Q2,2020Q2,2026-07-21,43674000,False,False,False,2020-03-29,2020-06-27,OperatingExpenses,10-Q,0001039399-21-000064,2021-07-30,-5286000,-10.8,-2683000,-5.79
FORM,"FormFactor, Inc.",opex_total,Total Operating Expenses (GAAP),USD,2020,Q3,2020Q3,2026-07-21,54712000,False,False,False,2020-06-28,2020-09-26,OperatingExpenses,10-Q,0001039399-21-000085,2021-11-02,11038000,25.27,8729000,18.98
FORM,"FormFactor, Inc.",opex_total,Total Operating Expenses (GAAP),USD,2020,Q4,2020Q4,2026-07-21,56786000,False,True,False,2020-09-27,2020-12-26,OperatingExpenses,10-K,0001039399-23-000010,2023-02-24,2074000,3.79,6199000,12.25
FORM,"FormFactor, Inc.",opex_total,Total Operating Expenses (GAAP),USD,2021,Q1,2021Q1,2026-07-21,54061000,False,False,False,2020-12-27,2021-03-27,OperatingExpenses,10-Q,0001039399-22-000020,2022-05-03,-2725000,-4.8,5101000,10.42
FORM,"FormFactor, Inc.",opex_total,Total Operating Expenses (GAAP),USD,2021,Q2,2021Q2,2026-07-21,55933000,False,False,False,2021-03-28,2021-06-26,OperatingExpenses,10-Q,0001039399-22-000076,2022-08-02,1872000,3.46,12259000,28.07
FORM,"FormFactor, Inc.",opex_total,Total Operating Expenses (GAAP),USD,2021,Q3,2021Q3,2026-07-21,56966000,False,False,False,2021-06-27,2021-09-25,OperatingExpenses,10-Q,0001039399-22-000099,2022-11-01,1033000,1.85,2254000,4.12
FORM,"FormFactor, Inc.",opex_total,Total Operating Expenses (GAAP),USD,2021,Q4,2021Q4,2026-07-21,57769000,False,True,False,2021-09-26,2021-12-25,OperatingExpenses,10-K,0001039399-24-000007,2024-02-23,803000,1.41,983000,1.73
FORM,"FormFactor, Inc.",opex_total,Total Operating Expenses (GAAP),USD,2022,Q1,2022Q1,2026-07-21,60040000,False,False,False,2021-12-26,2022-03-26,OperatingExpenses,10-Q,0001039399-23-000019,2023-05-09,2271000,3.93,5979000,11.06
FORM,"FormFactor, Inc.",opex_total,Total Operating Expenses (GAAP),USD,2022,Q2,2022Q2,2026-07-21,61723000,False,False,False,2022-03-27,2022-06-25,OperatingExpenses,10-Q,0001039399-23-000036,2023-08-08,1683000,2.8,5790000,10.35
FORM,"FormFactor, Inc.",opex_total,Total Operating Expenses (GAAP),USD,2022,Q3,2022Q3,2026-07-21,58186000,False,False,False,2022-06-26,2022-09-24,OperatingExpenses,10-Q,0001039399-23-000049,2023-11-07,-3537000,-5.73,1220000,2.14
FORM,"FormFactor, Inc.",opex_total,Total Operating Expenses (GAAP),USD,2022,Q4,2022Q4,2026-07-21,61148000,False,True,False,2022-09-25,2022-12-31,OperatingExpenses,10-K,0001039399-25-000023,2025-02-21,2962000,5.09,3379000,5.85
FORM,"FormFactor, Inc.",opex_total,Total Operating Expenses (GAAP),USD,2023,Q1,2023Q1,2026-07-21,60987000,False,False,False,2023-01-01,2023-04-01,OperatingExpenses,10-Q,0001039399-24-000016,2024-05-07,-161000,-0.26,947000,1.58
FORM,"FormFactor, Inc.",opex_total,Total Operating Expenses (GAAP),USD,2023,Q2,2023Q2,2026-07-21,61595000,False,False,False,2023-04-02,2023-07-01,OperatingExpenses,10-Q,0001039399-24-000028,2024-08-07,608000,1.0,-128000,-0.21
FORM,"FormFactor, Inc.",opex_total,Total Operating Expenses (GAAP),USD,2023,Q3,2023Q3,2026-07-21,66578000,False,False,False,2023-07-02,2023-09-30,OperatingExpenses,10-Q,0001039399-24-000035,2024-11-05,4983000,8.09,8392000,14.42
FORM,"FormFactor, Inc.",opex_total,Total Operating Expenses (GAAP),USD,2023,Q4,2023Q4,2026-07-21,59617000,False,True,False,2023-10-01,2023-12-30,OperatingExpenses,10-K,0001039399-26-000009,2026-02-20,-6961000,-10.46,-1531000,-2.5
FORM,"FormFactor, Inc.",opex_total,Total Operating Expenses (GAAP),USD,2024,Q1,2024Q1,2026-07-21,61706000,False,False,False,2023-12-31,2024-03-30,OperatingExpenses,10-Q,0001039399-25-000038,2025-05-06,2089000,3.5,719000,1.18
FORM,"FormFactor, Inc.",opex_total,Total Operating Expenses (GAAP),USD,2024,Q2,2024Q2,2026-07-21,69438000,False,False,False,2024-03-31,2024-06-29,OperatingExpenses,10-Q,0001039399-25-000083,2025-08-05,7732000,12.53,7843000,12.73
FORM,"FormFactor, Inc.",opex_total,Total Operating Expenses (GAAP),USD,2024,Q3,2024Q3,2026-07-21,66850000,False,False,False,2024-06-30,2024-09-28,OperatingExpenses,10-Q,0001039399-25-000113,2025-11-04,-2588000,-3.73,272000,0.41
FORM,"FormFactor, Inc.",opex_total,Total Operating Expenses (GAAP),USD,2024,Q4,2024Q4,2026-07-21,65730000,False,True,False,2024-09-29,2024-12-28,OperatingExpenses,10-K,0001039399-26-000009,2026-02-20,-1120000,-1.68,6113000,10.25
FORM,"FormFactor, Inc.",opex_total,Total Operating Expenses (GAAP),USD,2025,Q1,2025Q1,2026-07-21,61254000,False,False,False,2024-12-29,2025-03-29,OperatingExpenses,10-Q,0001039399-26-000023,2026-05-05,-4476000,-6.81,-452000,-0.73
FORM,"FormFactor, Inc.",opex_total,Total Operating Expenses (GAAP),USD,2025,Q2,2025Q2,2026-07-21,60632000,False,False,False,2025-03-30,2025-06-28,OperatingExpenses,10-Q,0001039399-25-000083,2025-08-05,-622000,-1.02,-8806000,-12.68
FORM,"FormFactor, Inc.",opex_total,Total Operating Expenses (GAAP),USD,2025,Q3,2025Q3,2026-07-21,62621000,False,False,False,2025-06-29,2025-09-27,OperatingExpenses,10-Q,0001039399-25-000113,2025-11-04,1989000,3.28,-4229000,-6.33
FORM,"FormFactor, Inc.",opex_total,Total Operating Expenses (GAAP),USD,2025,Q4,2025Q4,2026-07-21,67274000,False,True,False,2025-09-28,2025-12-27,OperatingExpenses,10-K,0001039399-26-000009,2026-02-20,4653000,7.43,1544000,2.35
FORM,"FormFactor, Inc.",opex_total,Total Operating Expenses (GAAP),USD,2026,Q1,2026Q1,2026-07-21,70146000,False,False,False,2025-12-28,2026-03-28,OperatingExpenses,10-Q,0001039399-26-000023,2026-05-05,2872000,4.27,8892000,14.52
FORM,"FormFactor, Inc.",operating_income,Operating Income (GAAP),USD,2018,Q1,2018Q1,2026-07-21,3634000,False,False,False,2017-12-31,2018-03-31,OperatingIncomeLoss,10-K,0001039399-20-000011,2020-02-21,-1763000,-32.67,-3425000,-48.52
FORM,"FormFactor, Inc.",operating_income,Operating Income (GAAP),USD,2018,Q2,2018Q2,2026-07-21,11311000,False,False,False,2018-04-01,2018-06-30,OperatingIncomeLoss,10-K,0001039399-20-000011,2020-02-21,7677000,211.25,-8268000,-42.23
FORM,"FormFactor, Inc.",operating_income,Operating Income (GAAP),USD,2018,Q3,2018Q3,2026-07-21,9368000,False,False,False,2018-07-01,2018-09-29,OperatingIncomeLoss,10-K,0001039399-20-000011,2020-02-21,-1943000,-17.18,-4898000,-34.33
FORM,"FormFactor, Inc.",operating_income,Operating Income (GAAP),USD,2018,Q4,2018Q4,2026-07-21,11796000,False,False,False,2018-09-30,2018-12-29,OperatingIncomeLoss,10-K,0001039399-20-000011,2020-02-21,2428000,25.92,6399000,118.57
FORM,"FormFactor, Inc.",operating_income,Operating Income (GAAP),USD,2019,Q1,2019Q1,2026-07-21,7614000,False,False,False,2018-12-30,2019-03-30,OperatingIncomeLoss,10-Q,0001039399-20-000026,2020-05-07,-4182000,-35.45,3980000,109.52
FORM,"FormFactor, Inc.",operating_income,Operating Income (GAAP),USD,2019,Q2,2019Q2,2026-07-21,8995000,False,False,False,2019-03-31,2019-06-29,OperatingIncomeLoss,10-Q,0001039399-20-000073,2020-08-04,1381000,18.14,-2316000,-20.48
FORM,"FormFactor, Inc.",operating_income,Operating Income (GAAP),USD,2019,Q3,2019Q3,2026-07-21,9335000,False,False,False,2019-06-30,2019-09-28,OperatingIncomeLoss,10-Q,0001039399-20-000089,2020-11-03,340000,3.78,-33000,-0.35
FORM,"FormFactor, Inc.",operating_income,Operating Income (GAAP),USD,2019,Q4,2019Q4,2026-07-21,23718000,False,False,False,2019-09-29,2019-12-28,OperatingIncomeLoss,10-K,0001039399-20-000011,2020-02-21,14383000,154.08,11922000,101.07
FORM,"FormFactor, Inc.",operating_income,Operating Income (GAAP),USD,2020,Q1,2020Q1,2026-07-21,18430000,False,False,False,2019-12-29,2020-03-28,OperatingIncomeLoss,10-Q,0001039399-21-000022,2021-05-04,-5288000,-22.3,10816000,142.05
FORM,"FormFactor, Inc.",operating_income,Operating Income (GAAP),USD,2020,Q2,2020Q2,2026-07-21,22493000,False,False,False,2020-03-29,2020-06-27,OperatingIncomeLoss,10-Q,0001039399-21-000064,2021-07-30,4063000,22.05,13498000,150.06
FORM,"FormFactor, Inc.",operating_income,Operating Income (GAAP),USD,2020,Q3,2020Q3,2026-07-21,22037000,False,False,False,2020-06-28,2020-09-26,OperatingIncomeLoss,10-Q,0001039399-21-000085,2021-11-02,-456000,-2.03,12702000,136.07
FORM,"FormFactor, Inc.",operating_income,Operating Income (GAAP),USD,2020,Q4,2020Q4,2026-07-21,20828000,False,True,False,2020-09-27,2020-12-26,OperatingIncomeLoss,10-K,0001039399-23-000010,2023-02-24,-1209000,-5.49,-2890000,-12.18
FORM,"FormFactor, Inc.",operating_income,Operating Income (GAAP),USD,2021,Q1,2021Q1,2026-07-21,22645000,False,False,False,2020-12-27,2021-03-27,OperatingIncomeLoss,10-Q,0001039399-22-000020,2022-05-03,1817000,8.72,4215000,22.87
FORM,"FormFactor, Inc.",operating_income,Operating Income (GAAP),USD,2021,Q2,2021Q2,2026-07-21,20350000,False,False,False,2021-03-28,2021-06-26,OperatingIncomeLoss,10-Q,0001039399-22-000076,2022-08-02,-2295000,-10.13,-2143000,-9.53
FORM,"FormFactor, Inc.",operating_income,Operating Income (GAAP),USD,2021,Q3,2021Q3,2026-07-21,23253000,False,False,False,2021-06-27,2021-09-25,OperatingIncomeLoss,10-Q,0001039399-22-000099,2022-11-01,2903000,14.27,1216000,5.52
FORM,"FormFactor, Inc.",operating_income,Operating Income (GAAP),USD,2021,Q4,2021Q4,2026-07-21,31790000,False,True,False,2021-09-26,2021-12-25,OperatingIncomeLoss,10-K,0001039399-24-000007,2024-02-23,8537000,36.71,10962000,52.63
FORM,"FormFactor, Inc.",operating_income,Operating Income (GAAP),USD,2022,Q1,2022Q1,2026-07-21,34184000,False,False,False,2021-12-26,2022-03-26,OperatingIncomeLoss,10-Q,0001039399-23-000019,2023-05-09,2394000,7.53,11539000,50.96
FORM,"FormFactor, Inc.",operating_income,Operating Income (GAAP),USD,2022,Q2,2022Q2,2026-07-21,32646000,False,False,False,2022-03-27,2022-06-25,OperatingIncomeLoss,10-Q,0001039399-23-000036,2023-08-08,-1538000,-4.5,12296000,60.42
FORM,"FormFactor, Inc.",operating_income,Operating Income (GAAP),USD,2022,Q3,2022Q3,2026-07-21,4027000,False,False,False,2022-06-26,2022-09-24,OperatingIncomeLoss,10-Q,0001039399-23-000049,2023-11-07,-28619000,-87.66,-19226000,-82.68
FORM,"FormFactor, Inc.",operating_income,Operating Income (GAAP),USD,2022,Q4,2022Q4,2026-07-21,-15945000,False,True,False,2022-09-25,2022-12-31,OperatingIncomeLoss,10-K,0001039399-25-000023,2025-02-21,-19972000,-495.95,-47735000,-150.16
FORM,"FormFactor, Inc.",operating_income,Operating Income (GAAP),USD,2023,Q1,2023Q1,2026-07-21,91000,False,False,False,2023-01-01,2023-04-01,OperatingIncomeLoss,10-Q,0001039399-24-000016,2024-05-07,16036000,100.57,-34093000,-99.73
FORM,"FormFactor, Inc.",operating_income,Operating Income (GAAP),USD,2023,Q2,2023Q2,2026-07-21,-1312000,False,False,False,2023-04-02,2023-07-01,OperatingIncomeLoss,10-Q,0001039399-24-000028,2024-08-07,-1403000,-1541.76,-33958000,-104.02
FORM,"FormFactor, Inc.",operating_income,Operating Income (GAAP),USD,2023,Q3,2023Q3,2026-07-21,2707000,False,False,False,2023-07-02,2023-09-30,OperatingIncomeLoss,10-Q,0001039399-24-000035,2024-11-05,4019000,306.33,-1320000,-32.78
FORM,"FormFactor, Inc.",operating_income,Operating Income (GAAP),USD,2023,Q4,2023Q4,2026-07-21,81270000,False,True,False,2023-10-01,2023-12-30,OperatingIncomeLoss,10-K,0001039399-26-000009,2026-02-20,78563000,2902.22,97215000,609.69
FORM,"FormFactor, Inc.",operating_income,Operating Income (GAAP),USD,2024,Q1,2024Q1,2026-07-21,21303000,False,False,False,2023-12-31,2024-03-30,OperatingIncomeLoss,10-Q,0001039399-25-000038,2025-05-06,-59967000,-73.79,21212000,23309.89
FORM,"FormFactor, Inc.",operating_income,Operating Income (GAAP),USD,2024,Q2,2024Q2,2026-07-21,17772000,False,False,False,2024-03-31,2024-06-29,OperatingIncomeLoss,10-Q,0001039399-25-000083,2025-08-05,-3531000,-16.58,19084000,1454.57
FORM,"FormFactor, Inc.",operating_income,Operating Income (GAAP),USD,2024,Q3,2024Q3,2026-07-21,17855000,False,False,False,2024-06-30,2024-09-28,OperatingIncomeLoss,10-Q,0001039399-25-000113,2025-11-04,83000,0.47,15148000,559.59
FORM,"FormFactor, Inc.",operating_income,Operating Income (GAAP),USD,2024,Q4,2024Q4,2026-07-21,7850000,False,True,False,2024-09-29,2024-12-28,OperatingIncomeLoss,10-K,0001039399-26-000009,2026-02-20,-10005000,-56.03,-73420000,-90.34
FORM,"FormFactor, Inc.",operating_income,Operating Income (GAAP),USD,2025,Q1,2025Q1,2026-07-21,3269000,False,False,False,2024-12-29,2025-03-29,OperatingIncomeLoss,10-Q,0001039399-26-000023,2026-05-05,-4581000,-58.36,-18034000,-84.65
FORM,"FormFactor, Inc.",operating_income,Operating Income (GAAP),USD,2025,Q2,2025Q2,2026-07-21,12306000,False,False,False,2025-03-30,2025-06-28,OperatingIncomeLoss,10-Q,0001039399-25-000083,2025-08-05,9037000,276.45,-5466000,-30.76
FORM,"FormFactor, Inc.",operating_income,Operating Income (GAAP),USD,2025,Q3,2025Q3,2026-07-21,18005000,False,False,False,2025-06-29,2025-09-27,OperatingIncomeLoss,10-Q,0001039399-25-000113,2025-11-04,5699000,46.31,150000,0.84
FORM,"FormFactor, Inc.",operating_income,Operating Income (GAAP),USD,2025,Q4,2025Q4,2026-07-21,23490000,False,True,False,2025-09-28,2025-12-27,OperatingIncomeLoss,10-K,0001039399-26-000009,2026-02-20,5485000,30.46,15640000,199.24
FORM,"FormFactor, Inc.",operating_income,Operating Income (GAAP),USD,2026,Q1,2026Q1,2026-07-21,16648000,False,False,False,2025-12-28,2026-03-28,OperatingIncomeLoss,10-Q,0001039399-26-000023,2026-05-05,-6842000,-29.13,13379000,409.27
FORM,"FormFactor, Inc.",net_income,Net Income (GAAP),USD,2018,Q1,2018Q1,2026-07-21,2125000,False,False,False,2017-12-31,2018-03-31,NetIncomeLoss,10-K,0001039399-20-000011,2020-02-21,-3463000,-61.97,-3060000,-59.02
FORM,"FormFactor, Inc.",net_income,Net Income (GAAP),USD,2018,Q2,2018Q2,2026-07-21,9123000,False,False,False,2018-04-01,2018-06-30,NetIncomeLoss,10-K,0001039399-20-000011,2020-02-21,6998000,329.32,-8454000,-48.1
FORM,"FormFactor, Inc.",net_income,Net Income (GAAP),USD,2018,Q3,2018Q3,2026-07-21,7688000,False,False,False,2018-07-01,2018-09-29,NetIncomeLoss,10-K,0001039399-20-000011,2020-02-21,-1435000,-15.73,-4875000,-38.8
FORM,"FormFactor, Inc.",net_income,Net Income (GAAP),USD,2018,Q4,2018Q4,2026-07-21,85100000,False,False,False,2018-09-30,2018-12-29,NetIncomeLoss,10-K,0001039399-20-000011,2020-02-21,77412000,1006.92,79512000,1422.91
FORM,"FormFactor, Inc.",net_income,Net Income (GAAP),USD,2019,Q1,2019Q1,2026-07-21,5483000,False,False,False,2018-12-30,2019-03-30,NetIncomeLoss,10-Q,0001039399-20-000026,2020-05-07,-79617000,-93.56,3358000,158.02
FORM,"FormFactor, Inc.",net_income,Net Income (GAAP),USD,2019,Q2,2019Q2,2026-07-21,6948000,False,False,False,2019-03-31,2019-06-29,NetIncomeLoss,10-Q,0001039399-20-000073,2020-08-04,1465000,26.72,-2175000,-23.84
FORM,"FormFactor, Inc.",net_income,Net Income (GAAP),USD,2019,Q3,2019Q3,2026-07-21,8279000,False,False,False,2019-06-30,2019-09-28,NetIncomeLoss,10-Q,0001039399-20-000089,2020-11-03,1331000,19.16,591000,7.69
FORM,"FormFactor, Inc.",net_income,Net Income (GAAP),USD,2019,Q4,2019Q4,2026-07-21,18636000,False,False,False,2019-09-29,2019-12-28,NetIncomeLoss,10-K,0001039399-20-000011,2020-02-21,10357000,125.1,-66464000,-78.1
FORM,"FormFactor, Inc.",net_income,Net Income (GAAP),USD,2020,Q1,2020Q1,2026-07-21,15890000,False,False,False,2019-12-29,2020-03-28,NetIncomeLoss,10-Q,0001039399-21-000022,2021-05-04,-2746000,-14.73,10407000,189.8
FORM,"FormFactor, Inc.",net_income,Net Income (GAAP),USD,2020,Q2,2020Q2,2026-07-21,20469000,False,False,False,2020-03-29,2020-06-27,NetIncomeLoss,10-Q,0001039399-21-000064,2021-07-30,4579000,28.82,13521000,194.6
FORM,"FormFactor, Inc.",net_income,Net Income (GAAP),USD,2020,Q3,2020Q3,2026-07-21,22891000,False,False,False,2020-06-28,2020-09-26,NetIncomeLoss,10-Q,0001039399-21-000085,2021-11-02,2422000,11.83,14612000,176.49
FORM,"FormFactor, Inc.",net_income,Net Income (GAAP),USD,2020,Q4,2020Q4,2026-07-21,19273000,False,True,False,2020-09-27,2020-12-26,NetIncomeLoss,10-K,0001039399-23-000010,2023-02-24,-3618000,-15.81,637000,3.42
FORM,"FormFactor, Inc.",net_income,Net Income (GAAP),USD,2021,Q1,2021Q1,2026-07-21,19625000,False,False,False,2020-12-27,2021-03-27,NetIncomeLoss,10-Q,0001039399-22-000020,2022-05-03,352000,1.83,3735000,23.51
FORM,"FormFactor, Inc.",net_income,Net Income (GAAP),USD,2021,Q2,2021Q2,2026-07-21,17905000,False,False,False,2021-03-28,2021-06-26,NetIncomeLoss,10-Q,0001039399-22-000076,2022-08-02,-1720000,-8.76,-2564000,-12.53
FORM,"FormFactor, Inc.",net_income,Net Income (GAAP),USD,2021,Q3,2021Q3,2026-07-21,20497000,False,False,False,2021-06-27,2021-09-25,NetIncomeLoss,10-Q,0001039399-22-000099,2022-11-01,2592000,14.48,-2394000,-10.46
FORM,"FormFactor, Inc.",net_income,Net Income (GAAP),USD,2021,Q4,2021Q4,2026-07-21,25897000,False,True,False,2021-09-26,2021-12-25,NetIncomeLoss,10-K,0001039399-24-000007,2024-02-23,5400000,26.35,6624000,34.37
FORM,"FormFactor, Inc.",net_income,Net Income (GAAP),USD,2022,Q1,2022Q1,2026-07-21,29872000,False,False,False,2021-12-26,2022-03-26,NetIncomeLoss,10-Q,0001039399-23-000019,2023-05-09,3975000,15.35,10247000,52.21
FORM,"FormFactor, Inc.",net_income,Net Income (GAAP),USD,2022,Q2,2022Q2,2026-07-21,30242000,False,False,False,2022-03-27,2022-06-25,NetIncomeLoss,10-Q,0001039399-23-000036,2023-08-08,370000,1.24,12337000,68.9
FORM,"FormFactor, Inc.",net_income,Net Income (GAAP),USD,2022,Q3,2022Q3,2026-07-21,4351000,False,False,False,2022-06-26,2022-09-24,NetIncomeLoss,10-Q,0001039399-23-000049,2023-11-07,-25891000,-85.61,-16146000,-78.77
FORM,"FormFactor, Inc.",net_income,Net Income (GAAP),USD,2022,Q4,2022Q4,2026-07-21,-13727000,False,True,False,2022-09-25,2022-12-31,NetIncomeLoss,10-K,0001039399-25-000023,2025-02-21,-18078000,-415.49,-39624000,-153.01
FORM,"FormFactor, Inc.",net_income,Net Income (GAAP),USD,2023,Q1,2023Q1,2026-07-21,1342000,False,False,False,2023-01-01,2023-04-01,NetIncomeLoss,10-Q,0001039399-24-000016,2024-05-07,15069000,109.78,-28530000,-95.51
FORM,"FormFactor, Inc.",net_income,Net Income (GAAP),USD,2023,Q2,2023Q2,2026-07-21,828000,False,False,False,2023-04-02,2023-07-01,NetIncomeLoss,10-Q,0001039399-24-000028,2024-08-07,-514000,-38.3,-29414000,-97.26
FORM,"FormFactor, Inc.",net_income,Net Income (GAAP),USD,2023,Q3,2023Q3,2026-07-21,4371000,False,False,False,2023-07-02,2023-09-30,NetIncomeLoss,10-Q,0001039399-24-000035,2024-11-05,3543000,427.9,20000,0.46
FORM,"FormFactor, Inc.",net_income,Net Income (GAAP),USD,2023,Q4,2023Q4,2026-07-21,75846000,False,True,False,2023-10-01,2023-12-30,NetIncomeLoss,10-K,0001039399-26-000009,2026-02-20,71475000,1635.21,89573000,652.53
FORM,"FormFactor, Inc.",net_income,Net Income (GAAP),USD,2024,Q1,2024Q1,2026-07-21,21781000,False,False,False,2023-12-31,2024-03-30,NetIncomeLoss,10-Q,0001039399-25-000038,2025-05-06,-54065000,-71.28,20439000,1523.03
FORM,"FormFactor, Inc.",net_income,Net Income (GAAP),USD,2024,Q2,2024Q2,2026-07-21,19392000,False,False,False,2024-03-31,2024-06-29,NetIncomeLoss,10-Q,0001039399-25-000083,2025-08-05,-2389000,-10.97,18564000,2242.03
FORM,"FormFactor, Inc.",net_income,Net Income (GAAP),USD,2024,Q3,2024Q3,2026-07-21,18736000,False,False,False,2024-06-30,2024-09-28,NetIncomeLoss,10-Q,0001039399-25-000113,2025-11-04,-656000,-3.38,14365000,328.64
FORM,"FormFactor, Inc.",net_income,Net Income (GAAP),USD,2024,Q4,2024Q4,2026-07-21,9705000,False,True,False,2024-09-29,2024-12-28,NetIncomeLoss,10-K,0001039399-26-000009,2026-02-20,-9031000,-48.2,-66141000,-87.2
FORM,"FormFactor, Inc.",net_income,Net Income (GAAP),USD,2025,Q1,2025Q1,2026-07-21,6401000,False,False,False,2024-12-29,2025-03-29,NetIncomeLoss,10-Q,0001039399-26-000023,2026-05-05,-3304000,-34.04,-15380000,-70.61
FORM,"FormFactor, Inc.",net_income,Net Income (GAAP),USD,2025,Q2,2025Q2,2026-07-21,9086000,False,False,False,2025-03-30,2025-06-28,NetIncomeLoss,10-Q,0001039399-25-000083,2025-08-05,2685000,41.95,-10306000,-53.15
FORM,"FormFactor, Inc.",net_income,Net Income (GAAP),USD,2025,Q3,2025Q3,2026-07-21,15656000,False,False,False,2025-06-29,2025-09-27,NetIncomeLoss,10-Q,0001039399-25-000113,2025-11-04,6570000,72.31,-3080000,-16.44
FORM,"FormFactor, Inc.",net_income,Net Income (GAAP),USD,2025,Q4,2025Q4,2026-07-21,23218000,False,True,False,2025-09-28,2025-12-27,NetIncomeLoss,10-K,0001039399-26-000009,2026-02-20,7562000,48.3,13513000,139.24
FORM,"FormFactor, Inc.",net_income,Net Income (GAAP),USD,2026,Q1,2026Q1,2026-07-21,20384000,False,False,False,2025-12-28,2026-03-28,NetIncomeLoss,10-Q,0001039399-26-000023,2026-05-05,-2834000,-12.21,13983000,218.45
FORM,"FormFactor, Inc.",eps_diluted,Diluted EPS (GAAP),USD/shares,2018,Q1,2018Q1,2026-07-21,0.03,False,False,False,2017-12-31,2018-03-31,EarningsPerShareDiluted,10-K,0001039399-20-000011,2020-02-21,-0.04,-57.14,-0.04,-57.14
FORM,"FormFactor, Inc.",eps_diluted,Diluted EPS (GAAP),USD/shares,2018,Q2,2018Q2,2026-07-21,0.12,False,False,False,2018-04-01,2018-06-30,EarningsPerShareDiluted,10-K,0001039399-20-000011,2020-02-21,0.09,300.0,-0.12,-50.0
FORM,"FormFactor, Inc.",eps_diluted,Diluted EPS (GAAP),USD/shares,2018,Q3,2018Q3,2026-07-21,0.1,False,False,False,2018-07-01,2018-09-29,EarningsPerShareDiluted,10-K,0001039399-20-000011,2020-02-21,-0.02,-16.67,-0.07,-41.18
FORM,"FormFactor, Inc.",eps_diluted,Diluted EPS (GAAP),USD/shares,2018,Q4,2018Q4,2026-07-21,1.13,False,False,False,2018-09-30,2018-12-29,EarningsPerShareDiluted,10-K,0001039399-20-000011,2020-02-21,1.03,1030.0,1.06,1514.29
FORM,"FormFactor, Inc.",eps_diluted,Diluted EPS (GAAP),USD/shares,2019,Q1,2019Q1,2026-07-21,0.07,False,False,False,2018-12-30,2019-03-30,EarningsPerShareDiluted,10-Q,0001039399-20-000026,2020-05-07,-1.06,-93.81,0.04,133.33
FORM,"FormFactor, Inc.",eps_diluted,Diluted EPS (GAAP),USD/shares,2019,Q2,2019Q2,2026-07-21,0.09,False,False,False,2019-03-31,2019-06-29,EarningsPerShareDiluted,10-Q,0001039399-20-000073,2020-08-04,0.02,28.57,-0.03,-25.0
FORM,"FormFactor, Inc.",eps_diluted,Diluted EPS (GAAP),USD/shares,2019,Q3,2019Q3,2026-07-21,0.11,False,False,False,2019-06-30,2019-09-28,EarningsPerShareDiluted,10-Q,0001039399-20-000089,2020-11-03,0.02,22.22,0.01,10.0
FORM,"FormFactor, Inc.",eps_diluted,Diluted EPS (GAAP),USD/shares,2019,Q4,2019Q4,2026-07-21,0.24,False,False,False,2019-09-29,2019-12-28,EarningsPerShareDiluted,10-K,0001039399-20-000011,2020-02-21,0.13,118.18,-0.89,-78.76
FORM,"FormFactor, Inc.",eps_diluted,Diluted EPS (GAAP),USD/shares,2020,Q1,2020Q1,2026-07-21,0.2,False,False,False,2019-12-29,2020-03-28,EarningsPerShareDiluted,10-Q,0001039399-21-000022,2021-05-04,-0.04,-16.67,0.13,185.71
FORM,"FormFactor, Inc.",eps_diluted,Diluted EPS (GAAP),USD/shares,2020,Q2,2020Q2,2026-07-21,0.26,False,False,False,2020-03-29,2020-06-27,EarningsPerShareDiluted,10-Q,0001039399-21-000064,2021-07-30,0.06,30.0,0.17,188.89
FORM,"FormFactor, Inc.",eps_diluted,Diluted EPS (GAAP),USD/shares,2020,Q3,2020Q3,2026-07-21,0.29,False,False,False,2020-06-28,2020-09-26,EarningsPerShareDiluted,10-Q,0001039399-21-000085,2021-11-02,0.03,11.54,0.18,163.64
FORM,"FormFactor, Inc.",eps_diluted,Diluted EPS (GAAP),USD/shares,2020,Q4,2020Q4,2026-07-21,0.24,False,True,False,2020-09-27,2020-12-26,EarningsPerShareDiluted,10-K,0001039399-23-000010,2023-02-24,-0.05,-17.24,0.0,0.0
FORM,"FormFactor, Inc.",eps_diluted,Diluted EPS (GAAP),USD/shares,2021,Q1,2021Q1,2026-07-21,0.25,False,False,False,2020-12-27,2021-03-27,EarningsPerShareDiluted,10-Q,0001039399-22-000020,2022-05-03,0.01,4.17,0.05,25.0
FORM,"FormFactor, Inc.",eps_diluted,Diluted EPS (GAAP),USD/shares,2021,Q2,2021Q2,2026-07-21,0.23,False,False,False,2021-03-28,2021-06-26,EarningsPerShareDiluted,10-Q,0001039399-22-000076,2022-08-02,-0.02,-8.0,-0.03,-11.54
FORM,"FormFactor, Inc.",eps_diluted,Diluted EPS (GAAP),USD/shares,2021,Q3,2021Q3,2026-07-21,0.26,False,False,False,2021-06-27,2021-09-25,EarningsPerShareDiluted,10-Q,0001039399-22-000099,2022-11-01,0.03,13.04,-0.03,-10.34
FORM,"FormFactor, Inc.",eps_diluted,Diluted EPS (GAAP),USD/shares,2021,Q4,2021Q4,2026-07-21,0.32,False,True,False,2021-09-26,2021-12-25,EarningsPerShareDiluted,10-K,0001039399-24-000007,2024-02-23,0.06,23.08,0.08,33.33
FORM,"FormFactor, Inc.",eps_diluted,Diluted EPS (GAAP),USD/shares,2022,Q1,2022Q1,2026-07-21,0.38,False,False,False,2021-12-26,2022-03-26,EarningsPerShareDiluted,10-Q,0001039399-23-000019,2023-05-09,0.06,18.75,0.13,52.0
FORM,"FormFactor, Inc.",eps_diluted,Diluted EPS (GAAP),USD/shares,2022,Q2,2022Q2,2026-07-21,0.38,False,False,False,2022-03-27,2022-06-25,EarningsPerShareDiluted,10-Q,0001039399-23-000036,2023-08-08,0.0,0.0,0.15,65.22
FORM,"FormFactor, Inc.",eps_diluted,Diluted EPS (GAAP),USD/shares,2022,Q3,2022Q3,2026-07-21,0.06,False,False,False,2022-06-26,2022-09-24,EarningsPerShareDiluted,10-Q,0001039399-23-000049,2023-11-07,-0.32,-84.21,-0.2,-76.92
FORM,"FormFactor, Inc.",eps_diluted,Diluted EPS (GAAP),USD/shares,2022,Q4,2022Q4,2026-07-21,-0.17,False,True,False,2022-09-25,2022-12-31,EarningsPerShareDiluted,10-K,0001039399-25-000023,2025-02-21,-0.23,-383.33,-0.49,-153.12
FORM,"FormFactor, Inc.",eps_diluted,Diluted EPS (GAAP),USD/shares,2023,Q1,2023Q1,2026-07-21,0.02,False,False,False,2023-01-01,2023-04-01,EarningsPerShareDiluted,10-Q,0001039399-24-000016,2024-05-07,0.19,111.76,-0.36,-94.74
FORM,"FormFactor, Inc.",eps_diluted,Diluted EPS (GAAP),USD/shares,2023,Q2,2023Q2,2026-07-21,0.01,False,False,False,2023-04-02,2023-07-01,EarningsPerShareDiluted,10-Q,0001039399-24-000028,2024-08-07,-0.01,-50.0,-0.37,-97.37
FORM,"FormFactor, Inc.",eps_diluted,Diluted EPS (GAAP),USD/shares,2023,Q3,2023Q3,2026-07-21,0.06,False,False,False,2023-07-02,2023-09-30,EarningsPerShareDiluted,10-Q,0001039399-24-000035,2024-11-05,0.05,500.0,0.0,0.0
FORM,"FormFactor, Inc.",eps_diluted,Diluted EPS (GAAP),USD/shares,2023,Q4,2023Q4,2026-07-21,0.96,False,True,False,2023-10-01,2023-12-30,EarningsPerShareDiluted,10-K,0001039399-26-000009,2026-02-20,0.9,1500.0,1.13,664.71
FORM,"FormFactor, Inc.",eps_diluted,Diluted EPS (GAAP),USD/shares,2024,Q1,2024Q1,2026-07-21,0.28,False,False,False,2023-12-31,2024-03-30,EarningsPerShareDiluted,10-Q,0001039399-25-000038,2025-05-06,-0.68,-70.83,0.26,1300.0
FORM,"FormFactor, Inc.",eps_diluted,Diluted EPS (GAAP),USD/shares,2024,Q2,2024Q2,2026-07-21,0.25,False,False,False,2024-03-31,2024-06-29,EarningsPerShareDiluted,10-Q,0001039399-25-000083,2025-08-05,-0.03,-10.71,0.24,2400.0
FORM,"FormFactor, Inc.",eps_diluted,Diluted EPS (GAAP),USD/shares,2024,Q3,2024Q3,2026-07-21,0.24,False,False,False,2024-06-30,2024-09-28,EarningsPerShareDiluted,10-Q,0001039399-25-000113,2025-11-04,-0.01,-4.0,0.18,300.0
FORM,"FormFactor, Inc.",eps_diluted,Diluted EPS (GAAP),USD/shares,2024,Q4,2024Q4,2026-07-21,0.12,False,True,False,2024-09-29,2024-12-28,EarningsPerShareDiluted,10-K,0001039399-26-000009,2026-02-20,-0.12,-50.0,-0.84,-87.5
FORM,"FormFactor, Inc.",eps_diluted,Diluted EPS (GAAP),USD/shares,2025,Q1,2025Q1,2026-07-21,0.08,False,False,False,2024-12-29,2025-03-29,EarningsPerShareDiluted,10-Q,0001039399-26-000023,2026-05-05,-0.04,-33.33,-0.2,-71.43
FORM,"FormFactor, Inc.",eps_diluted,Diluted EPS (GAAP),USD/shares,2025,Q2,2025Q2,2026-07-21,0.12,False,False,False,2025-03-30,2025-06-28,EarningsPerShareDiluted,10-Q,0001039399-25-000083,2025-08-05,0.04,50.0,-0.13,-52.0
FORM,"FormFactor, Inc.",eps_diluted,Diluted EPS (GAAP),USD/shares,2025,Q3,2025Q3,2026-07-21,0.2,False,False,False,2025-06-29,2025-09-27,EarningsPerShareDiluted,10-Q,0001039399-25-000113,2025-11-04,0.08,66.67,-0.04,-16.67
FORM,"FormFactor, Inc.",eps_diluted,Diluted EPS (GAAP),USD/shares,2025,Q4,2025Q4,2026-07-21,0.29,False,True,False,2025-09-28,2025-12-27,EarningsPerShareDiluted,10-K,0001039399-26-000009,2026-02-20,0.09,45.0,0.17,141.67
FORM,"FormFactor, Inc.",eps_diluted,Diluted EPS (GAAP),USD/shares,2026,Q1,2026Q1,2026-07-21,0.26,False,False,False,2025-12-28,2026-03-28,EarningsPerShareDiluted,10-Q,0001039399-26-000023,2026-05-05,-0.03,-10.34,0.18,225.0
FORM,"FormFactor, Inc.",gross_margin_pct,Gross Margin % (GAAP),pct,2018,Q1,2018Q1,2026-07-21,38.15,False,False,False,2017-12-31,2018-03-31,computed: gross_profit / revenue,,,2020-02-21,,,,
FORM,"FormFactor, Inc.",gross_margin_pct,Gross Margin % (GAAP),pct,2018,Q2,2018Q2,2026-07-21,41.49,False,False,False,2018-04-01,2018-06-30,computed: gross_profit / revenue,,,2020-02-21,3.34,,,
FORM,"FormFactor, Inc.",gross_margin_pct,Gross Margin % (GAAP),pct,2018,Q3,2018Q3,2026-07-21,39.24,False,False,False,2018-07-01,2018-09-29,computed: gross_profit / revenue,,,2020-02-21,-2.25,,,
FORM,"FormFactor, Inc.",gross_margin_pct,Gross Margin % (GAAP),pct,2018,Q4,2018Q4,2026-07-21,39.76,False,False,False,2018-09-30,2018-12-29,computed: gross_profit / revenue,,,2020-02-21,0.52,,,
FORM,"FormFactor, Inc.",gross_margin_pct,Gross Margin % (GAAP),pct,2019,Q1,2019Q1,2026-07-21,39.72,False,False,False,2018-12-30,2019-03-30,computed: gross_profit / revenue,,,2020-05-07,-0.04,,1.57,
FORM,"FormFactor, Inc.",gross_margin_pct,Gross Margin % (GAAP),pct,2019,Q2,2019Q2,2026-07-21,40.1,False,False,False,2019-03-31,2019-06-29,computed: gross_profit / revenue,,,2020-08-04,0.38,,-1.39,
FORM,"FormFactor, Inc.",gross_margin_pct,Gross Margin % (GAAP),pct,2019,Q3,2019Q3,2026-07-21,39.34,False,False,False,2019-06-30,2019-09-28,computed: gross_profit / revenue,,,2020-11-03,-0.76,,0.1,
FORM,"FormFactor, Inc.",gross_margin_pct,Gross Margin % (GAAP),pct,2019,Q4,2019Q4,2026-07-21,41.6,False,False,False,2019-09-29,2019-12-28,computed: gross_profit / revenue,,,2020-02-21,2.26,,1.84,
FORM,"FormFactor, Inc.",gross_margin_pct,Gross Margin % (GAAP),pct,2020,Q1,2020Q1,2026-07-21,41.92,False,False,False,2019-12-29,2020-03-28,computed: gross_profit / revenue,,,2021-05-04,0.32,,2.2,
FORM,"FormFactor, Inc.",gross_margin_pct,Gross Margin % (GAAP),pct,2020,Q2,2020Q2,2026-07-21,41.92,False,False,False,2020-03-29,2020-06-27,computed: gross_profit / revenue,,,2021-07-30,0.0,,1.82,
FORM,"FormFactor, Inc.",gross_margin_pct,Gross Margin % (GAAP),pct,2020,Q3,2020Q3,2026-07-21,43.12,False,False,False,2020-06-28,2020-09-26,computed: gross_profit / revenue,,,2021-11-02,1.2,,3.78,
FORM,"FormFactor, Inc.",gross_margin_pct,Gross Margin % (GAAP),pct,2020,Q4,2020Q4,2026-07-21,39.39,False,True,False,2020-09-27,2020-12-26,computed: gross_profit / revenue,,,2023-02-24,-3.73,,-2.21,
FORM,"FormFactor, Inc.",gross_margin_pct,Gross Margin % (GAAP),pct,2021,Q1,2021Q1,2026-07-21,41.1,False,False,False,2020-12-27,2021-03-27,computed: gross_profit / revenue,,,2022-05-03,1.71,,-0.82,
FORM,"FormFactor, Inc.",gross_margin_pct,Gross Margin % (GAAP),pct,2021,Q2,2021Q2,2026-07-21,40.56,False,False,False,2021-03-28,2021-06-26,computed: gross_profit / revenue,,,2022-08-02,-0.54,,-1.36,
FORM,"FormFactor, Inc.",gross_margin_pct,Gross Margin % (GAAP),pct,2021,Q3,2021Q3,2026-07-21,42.23,False,False,False,2021-06-27,2021-09-25,computed: gross_profit / revenue,,,2022-11-01,1.67,,-0.89,
FORM,"FormFactor, Inc.",gross_margin_pct,Gross Margin % (GAAP),pct,2021,Q4,2021Q4,2026-07-21,43.69,False,True,False,2021-09-26,2021-12-25,computed: gross_profit / revenue,,,2024-02-23,1.46,,4.3,
FORM,"FormFactor, Inc.",gross_margin_pct,Gross Margin % (GAAP),pct,2022,Q1,2022Q1,2026-07-21,47.79,False,False,False,2021-12-26,2022-03-26,computed: gross_profit / revenue,,,2023-05-09,4.1,,6.69,
FORM,"FormFactor, Inc.",gross_margin_pct,Gross Margin % (GAAP),pct,2022,Q2,2022Q2,2026-07-21,46.28,False,False,False,2022-03-27,2022-06-25,computed: gross_profit / revenue,,,2023-08-08,-1.51,,5.72,
FORM,"FormFactor, Inc.",gross_margin_pct,Gross Margin % (GAAP),pct,2022,Q3,2022Q3,2026-07-21,34.4,False,False,False,2022-06-26,2022-09-24,computed: gross_profit / revenue,,,2023-11-07,-11.88,,-7.83,
FORM,"FormFactor, Inc.",gross_margin_pct,Gross Margin % (GAAP),pct,2022,Q4,2022Q4,2026-07-21,27.23,False,True,False,2022-09-25,2022-12-31,computed: gross_profit / revenue,,,2025-02-21,-7.17,,-16.46,
FORM,"FormFactor, Inc.",gross_margin_pct,Gross Margin % (GAAP),pct,2023,Q1,2023Q1,2026-07-21,36.48,False,False,False,2023-01-01,2023-04-01,computed: gross_profit / revenue,,,2024-05-07,9.25,,-11.31,
FORM,"FormFactor, Inc.",gross_margin_pct,Gross Margin % (GAAP),pct,2023,Q2,2023Q2,2026-07-21,38.66,False,False,False,2023-04-02,2023-07-01,computed: gross_profit / revenue,,,2024-08-07,2.18,,-7.62,
FORM,"FormFactor, Inc.",gross_margin_pct,Gross Margin % (GAAP),pct,2023,Q3,2023Q3,2026-07-21,40.38,False,False,False,2023-07-02,2023-09-30,computed: gross_profit / revenue,,,2024-11-05,1.72,,5.98,
FORM,"FormFactor, Inc.",gross_margin_pct,Gross Margin % (GAAP),pct,2023,Q4,2023Q4,2026-07-21,40.4,False,True,False,2023-10-01,2023-12-30,computed: gross_profit / revenue,,,2026-02-20,0.02,,13.17,
FORM,"FormFactor, Inc.",gross_margin_pct,Gross Margin % (GAAP),pct,2024,Q1,2024Q1,2026-07-21,37.18,False,False,False,2023-12-31,2024-03-30,computed: gross_profit / revenue,,,2025-05-06,-3.22,,0.7,
FORM,"FormFactor, Inc.",gross_margin_pct,Gross Margin % (GAAP),pct,2024,Q2,2024Q2,2026-07-21,44.01,False,False,False,2024-03-31,2024-06-29,computed: gross_profit / revenue,,,2025-08-05,6.83,,5.35,
FORM,"FormFactor, Inc.",gross_margin_pct,Gross Margin % (GAAP),pct,2024,Q3,2024Q3,2026-07-21,40.74,False,False,False,2024-06-30,2024-09-28,computed: gross_profit / revenue,,,2025-11-04,-3.27,,0.36,
FORM,"FormFactor, Inc.",gross_margin_pct,Gross Margin % (GAAP),pct,2024,Q4,2024Q4,2026-07-21,38.83,False,True,False,2024-09-29,2024-12-28,computed: gross_profit / revenue,,,2026-02-20,-1.91,,-1.57,
FORM,"FormFactor, Inc.",gross_margin_pct,Gross Margin % (GAAP),pct,2025,Q1,2025Q1,2026-07-21,37.65,False,False,False,2024-12-29,2025-03-29,computed: gross_profit / revenue,,,2026-05-05,-1.18,,0.47,
FORM,"FormFactor, Inc.",gross_margin_pct,Gross Margin % (GAAP),pct,2025,Q2,2025Q2,2026-07-21,37.25,False,False,False,2025-03-30,2025-06-28,computed: gross_profit / revenue,,,2025-08-05,-0.4,,-6.76,
FORM,"FormFactor, Inc.",gross_margin_pct,Gross Margin % (GAAP),pct,2025,Q3,2025Q3,2026-07-21,39.78,False,False,False,2025-06-29,2025-09-27,computed: gross_profit / revenue,,,2025-11-04,2.53,,-0.96,
FORM,"FormFactor, Inc.",gross_margin_pct,Gross Margin % (GAAP),pct,2025,Q4,2025Q4,2026-07-21,42.18,False,True,False,2025-09-28,2025-12-27,computed: gross_profit / revenue,,,2026-02-20,2.4,,3.35,
FORM,"FormFactor, Inc.",gross_margin_pct,Gross Margin % (GAAP),pct,2026,Q1,2026Q1,2026-07-21,38.38,False,False,False,2025-12-28,2026-03-28,computed: gross_profit / revenue,,,2026-05-05,-3.8,,0.73,
FORM,"FormFactor, Inc.",opex_ratio_pct,Opex as % of Revenue (GAAP),pct,2018,Q1,2018Q1,2026-07-21,35.08,False,False,False,2017-12-31,2018-03-31,computed: opex_total / revenue,,,2020-02-21,,,,
FORM,"FormFactor, Inc.",opex_ratio_pct,Opex as % of Revenue (GAAP),pct,2018,Q2,2018Q2,2026-07-21,33.14,False,False,False,2018-04-01,2018-06-30,computed: opex_total / revenue,,,2020-02-21,-1.94,,,
FORM,"FormFactor, Inc.",opex_ratio_pct,Opex as % of Revenue (GAAP),pct,2018,Q3,2018Q3,2026-07-21,32.3,False,False,False,2018-07-01,2018-09-29,computed: opex_total / revenue,,,2020-02-21,-0.84,,,
FORM,"FormFactor, Inc.",opex_ratio_pct,Opex as % of Revenue (GAAP),pct,2018,Q4,2018Q4,2026-07-21,31.39,False,False,False,2018-09-30,2018-12-29,computed: opex_total / revenue,,,2020-02-21,-0.91,,,
FORM,"FormFactor, Inc.",opex_ratio_pct,Opex as % of Revenue (GAAP),pct,2019,Q1,2019Q1,2026-07-21,33.97,False,False,False,2018-12-30,2019-03-30,computed: opex_total / revenue,,,2020-05-07,2.58,,-1.11,
FORM,"FormFactor, Inc.",opex_ratio_pct,Opex as % of Revenue (GAAP),pct,2019,Q2,2019Q2,2026-07-21,33.59,False,False,False,2019-03-31,2019-06-29,computed: opex_total / revenue,,,2020-08-04,-0.38,,0.45,
FORM,"FormFactor, Inc.",opex_ratio_pct,Opex as % of Revenue (GAAP),pct,2019,Q3,2019Q3,2026-07-21,32.7,False,False,False,2019-06-30,2019-09-28,computed: opex_total / revenue,,,2020-11-03,-0.89,,0.4,
FORM,"FormFactor, Inc.",opex_ratio_pct,Opex as % of Revenue (GAAP),pct,2019,Q4,2019Q4,2026-07-21,28.32,False,False,False,2019-09-29,2019-12-28,computed: opex_total / revenue,,,2020-02-21,-4.38,,-3.07,
FORM,"FormFactor, Inc.",opex_ratio_pct,Opex as % of Revenue (GAAP),pct,2020,Q1,2020Q1,2026-07-21,30.46,False,False,False,2019-12-29,2020-03-28,computed: opex_total / revenue,,,2021-05-04,2.14,,-3.51,
FORM,"FormFactor, Inc.",opex_ratio_pct,Opex as % of Revenue (GAAP),pct,2020,Q2,2020Q2,2026-07-21,27.67,False,False,False,2020-03-29,2020-06-27,computed: opex_total / revenue,,,2021-07-30,-2.79,,-5.92,
FORM,"FormFactor, Inc.",opex_ratio_pct,Opex as % of Revenue (GAAP),pct,2020,Q3,2020Q3,2026-07-21,30.74,False,False,False,2020-06-28,2020-09-26,computed: opex_total / revenue,,,2021-11-02,3.07,,-1.96,
FORM,"FormFactor, Inc.",opex_ratio_pct,Opex as % of Revenue (GAAP),pct,2020,Q4,2020Q4,2026-07-21,28.82,False,True,False,2020-09-27,2020-12-26,computed: opex_total / revenue,,,2023-02-24,-1.92,,0.5,
FORM,"FormFactor, Inc.",opex_ratio_pct,Opex as % of Revenue (GAAP),pct,2021,Q1,2021Q1,2026-07-21,28.97,False,False,False,2020-12-27,2021-03-27,computed: opex_total / revenue,,,2022-05-03,0.15,,-1.49,
FORM,"FormFactor, Inc.",opex_ratio_pct,Opex as % of Revenue (GAAP),pct,2021,Q2,2021Q2,2026-07-21,29.74,False,False,False,2021-03-28,2021-06-26,computed: opex_total / revenue,,,2022-08-02,0.77,,2.07,
FORM,"FormFactor, Inc.",opex_ratio_pct,Opex as % of Revenue (GAAP),pct,2021,Q3,2021Q3,2026-07-21,29.99,False,False,False,2021-06-27,2021-09-25,computed: opex_total / revenue,,,2022-11-01,0.25,,-0.75,
FORM,"FormFactor, Inc.",opex_ratio_pct,Opex as % of Revenue (GAAP),pct,2021,Q4,2021Q4,2026-07-21,28.18,False,True,False,2021-09-26,2021-12-25,computed: opex_total / revenue,,,2024-02-23,-1.81,,-0.64,
FORM,"FormFactor, Inc.",opex_ratio_pct,Opex as % of Revenue (GAAP),pct,2022,Q1,2022Q1,2026-07-21,30.45,False,False,False,2021-12-26,2022-03-26,computed: opex_total / revenue,,,2023-05-09,2.27,,1.48,
FORM,"FormFactor, Inc.",opex_ratio_pct,Opex as % of Revenue (GAAP),pct,2022,Q2,2022Q2,2026-07-21,30.27,False,False,False,2022-03-27,2022-06-25,computed: opex_total / revenue,,,2023-08-08,-0.18,,0.53,
FORM,"FormFactor, Inc.",opex_ratio_pct,Opex as % of Revenue (GAAP),pct,2022,Q3,2022Q3,2026-07-21,32.17,False,False,False,2022-06-26,2022-09-24,computed: opex_total / revenue,,,2023-11-07,1.9,,2.18,
FORM,"FormFactor, Inc.",opex_ratio_pct,Opex as % of Revenue (GAAP),pct,2022,Q4,2022Q4,2026-07-21,36.84,False,True,False,2022-09-25,2022-12-31,computed: opex_total / revenue,,,2025-02-21,4.67,,8.66,
FORM,"FormFactor, Inc.",opex_ratio_pct,Opex as % of Revenue (GAAP),pct,2023,Q1,2023Q1,2026-07-21,36.42,False,False,False,2023-01-01,2023-04-01,computed: opex_total / revenue,,,2024-05-07,-0.42,,5.97,
FORM,"FormFactor, Inc.",opex_ratio_pct,Opex as % of Revenue (GAAP),pct,2023,Q2,2023Q2,2026-07-21,39.51,False,False,False,2023-04-02,2023-07-01,computed: opex_total / revenue,,,2024-08-07,3.09,,9.24,
FORM,"FormFactor, Inc.",opex_ratio_pct,Opex as % of Revenue (GAAP),pct,2023,Q3,2023Q3,2026-07-21,38.8,False,False,False,2023-07-02,2023-09-30,computed: opex_total / revenue,,,2024-11-05,-0.71,,6.63,
FORM,"FormFactor, Inc.",opex_ratio_pct,Opex as % of Revenue (GAAP),pct,2023,Q4,2023Q4,2026-07-21,35.45,False,True,False,2023-10-01,2023-12-30,computed: opex_total / revenue,,,2026-02-20,-3.35,,-1.39,
FORM,"FormFactor, Inc.",opex_ratio_pct,Opex as % of Revenue (GAAP),pct,2024,Q1,2024Q1,2026-07-21,36.57,False,False,False,2023-12-31,2024-03-30,computed: opex_total / revenue,,,2025-05-06,1.12,,0.15,
FORM,"FormFactor, Inc.",opex_ratio_pct,Opex as % of Revenue (GAAP),pct,2024,Q2,2024Q2,2026-07-21,35.16,False,False,False,2024-03-31,2024-06-29,computed: opex_total / revenue,,,2025-08-05,-1.41,,-4.35,
FORM,"FormFactor, Inc.",opex_ratio_pct,Opex as % of Revenue (GAAP),pct,2024,Q3,2024Q3,2026-07-21,32.15,False,False,False,2024-06-30,2024-09-28,computed: opex_total / revenue,,,2025-11-04,-3.01,,-6.65,
FORM,"FormFactor, Inc.",opex_ratio_pct,Opex as % of Revenue (GAAP),pct,2024,Q4,2024Q4,2026-07-21,34.69,False,True,False,2024-09-29,2024-12-28,computed: opex_total / revenue,,,2026-02-20,2.54,,-0.76,
FORM,"FormFactor, Inc.",opex_ratio_pct,Opex as % of Revenue (GAAP),pct,2025,Q1,2025Q1,2026-07-21,35.75,False,False,False,2024-12-29,2025-03-29,computed: opex_total / revenue,,,2026-05-05,1.06,,-0.82,
FORM,"FormFactor, Inc.",opex_ratio_pct,Opex as % of Revenue (GAAP),pct,2025,Q2,2025Q2,2026-07-21,30.97,False,False,False,2025-03-30,2025-06-28,computed: opex_total / revenue,,,2025-08-05,-4.78,,-4.19,
FORM,"FormFactor, Inc.",opex_ratio_pct,Opex as % of Revenue (GAAP),pct,2025,Q3,2025Q3,2026-07-21,30.9,False,False,False,2025-06-29,2025-09-27,computed: opex_total / revenue,,,2025-11-04,-0.07,,-1.25,
FORM,"FormFactor, Inc.",opex_ratio_pct,Opex as % of Revenue (GAAP),pct,2025,Q4,2025Q4,2026-07-21,31.27,False,True,False,2025-09-28,2025-12-27,computed: opex_total / revenue,,,2026-02-20,0.37,,-3.42,
FORM,"FormFactor, Inc.",opex_ratio_pct,Opex as % of Revenue (GAAP),pct,2026,Q1,2026Q1,2026-07-21,31.02,False,False,False,2025-12-28,2026-03-28,computed: opex_total / revenue,,,2026-05-05,-0.25,,-4.73,
FORM,"FormFactor, Inc.",operating_margin_pct,Operating Margin % (GAAP),pct,2018,Q1,2018Q1,2026-07-21,3.07,False,False,False,2017-12-31,2018-03-31,computed: operating_income / revenue,,,2020-02-21,,,,
FORM,"FormFactor, Inc.",operating_margin_pct,Operating Margin % (GAAP),pct,2018,Q2,2018Q2,2026-07-21,8.35,False,False,False,2018-04-01,2018-06-30,computed: operating_income / revenue,,,2020-02-21,5.28,,,
FORM,"FormFactor, Inc.",operating_margin_pct,Operating Margin % (GAAP),pct,2018,Q3,2018Q3,2026-07-21,6.94,False,False,False,2018-07-01,2018-09-29,computed: operating_income / revenue,,,2020-02-21,-1.41,,,
FORM,"FormFactor, Inc.",operating_margin_pct,Operating Margin % (GAAP),pct,2018,Q4,2018Q4,2026-07-21,8.37,False,False,False,2018-09-30,2018-12-29,computed: operating_income / revenue,,,2020-02-21,1.43,,,
FORM,"FormFactor, Inc.",operating_margin_pct,Operating Margin % (GAAP),pct,2019,Q1,2019Q1,2026-07-21,5.76,False,False,False,2018-12-30,2019-03-30,computed: operating_income / revenue,,,2020-05-07,-2.61,,2.69,
FORM,"FormFactor, Inc.",operating_margin_pct,Operating Margin % (GAAP),pct,2019,Q2,2019Q2,2026-07-21,6.52,False,False,False,2019-03-31,2019-06-29,computed: operating_income / revenue,,,2020-08-04,0.76,,-1.83,
FORM,"FormFactor, Inc.",operating_margin_pct,Operating Margin % (GAAP),pct,2019,Q3,2019Q3,2026-07-21,6.64,False,False,False,2019-06-30,2019-09-28,computed: operating_income / revenue,,,2020-11-03,0.12,,-0.3,
FORM,"FormFactor, Inc.",operating_margin_pct,Operating Margin % (GAAP),pct,2019,Q4,2019Q4,2026-07-21,13.28,False,False,False,2019-09-29,2019-12-28,computed: operating_income / revenue,,,2020-02-21,6.64,,4.91,
FORM,"FormFactor, Inc.",operating_margin_pct,Operating Margin % (GAAP),pct,2020,Q1,2020Q1,2026-07-21,11.46,False,False,False,2019-12-29,2020-03-28,computed: operating_income / revenue,,,2021-05-04,-1.82,,5.7,
FORM,"FormFactor, Inc.",operating_margin_pct,Operating Margin % (GAAP),pct,2020,Q2,2020Q2,2026-07-21,14.25,False,False,False,2020-03-29,2020-06-27,computed: operating_income / revenue,,,2021-07-30,2.79,,7.73,
FORM,"FormFactor, Inc.",operating_margin_pct,Operating Margin % (GAAP),pct,2020,Q3,2020Q3,2026-07-21,12.38,False,False,False,2020-06-28,2020-09-26,computed: operating_income / revenue,,,2021-11-02,-1.87,,5.74,
FORM,"FormFactor, Inc.",operating_margin_pct,Operating Margin % (GAAP),pct,2020,Q4,2020Q4,2026-07-21,10.57,False,True,False,2020-09-27,2020-12-26,computed: operating_income / revenue,,,2023-02-24,-1.81,,-2.71,
FORM,"FormFactor, Inc.",operating_margin_pct,Operating Margin % (GAAP),pct,2021,Q1,2021Q1,2026-07-21,12.13,False,False,False,2020-12-27,2021-03-27,computed: operating_income / revenue,,,2022-05-03,1.56,,0.67,
FORM,"FormFactor, Inc.",operating_margin_pct,Operating Margin % (GAAP),pct,2021,Q2,2021Q2,2026-07-21,10.82,False,False,False,2021-03-28,2021-06-26,computed: operating_income / revenue,,,2022-08-02,-1.31,,-3.43,
FORM,"FormFactor, Inc.",operating_margin_pct,Operating Margin % (GAAP),pct,2021,Q3,2021Q3,2026-07-21,12.24,False,False,False,2021-06-27,2021-09-25,computed: operating_income / revenue,,,2022-11-01,1.42,,-0.14,
FORM,"FormFactor, Inc.",operating_margin_pct,Operating Margin % (GAAP),pct,2021,Q4,2021Q4,2026-07-21,15.51,False,True,False,2021-09-26,2021-12-25,computed: operating_income / revenue,,,2024-02-23,3.27,,4.94,
FORM,"FormFactor, Inc.",operating_margin_pct,Operating Margin % (GAAP),pct,2022,Q1,2022Q1,2026-07-21,17.34,False,False,False,2021-12-26,2022-03-26,computed: operating_income / revenue,,,2023-05-09,1.83,,5.21,
FORM,"FormFactor, Inc.",operating_margin_pct,Operating Margin % (GAAP),pct,2022,Q2,2022Q2,2026-07-21,16.01,False,False,False,2022-03-27,2022-06-25,computed: operating_income / revenue,,,2023-08-08,-1.33,,5.19,
FORM,"FormFactor, Inc.",operating_margin_pct,Operating Margin % (GAAP),pct,2022,Q3,2022Q3,2026-07-21,2.23,False,False,False,2022-06-26,2022-09-24,computed: operating_income / revenue,,,2023-11-07,-13.78,,-10.01,
FORM,"FormFactor, Inc.",operating_margin_pct,Operating Margin % (GAAP),pct,2022,Q4,2022Q4,2026-07-21,-9.61,False,True,False,2022-09-25,2022-12-31,computed: operating_income / revenue,,,2025-02-21,-11.84,,-25.12,
FORM,"FormFactor, Inc.",operating_margin_pct,Operating Margin % (GAAP),pct,2023,Q1,2023Q1,2026-07-21,0.05,False,False,False,2023-01-01,2023-04-01,computed: operating_income / revenue,,,2024-05-07,9.66,,-17.29,
FORM,"FormFactor, Inc.",operating_margin_pct,Operating Margin % (GAAP),pct,2023,Q2,2023Q2,2026-07-21,-0.84,False,False,False,2023-04-02,2023-07-01,computed: operating_income / revenue,,,2024-08-07,-0.89,,-16.85,
FORM,"FormFactor, Inc.",operating_margin_pct,Operating Margin % (GAAP),pct,2023,Q3,2023Q3,2026-07-21,1.58,False,False,False,2023-07-02,2023-09-30,computed: operating_income / revenue,,,2024-11-05,2.42,,-0.65,
FORM,"FormFactor, Inc.",operating_margin_pct,Operating Margin % (GAAP),pct,2023,Q4,2023Q4,2026-07-21,48.33,False,True,False,2023-10-01,2023-12-30,computed: operating_income / revenue,,,2026-02-20,46.75,,57.94,
FORM,"FormFactor, Inc.",operating_margin_pct,Operating Margin % (GAAP),pct,2024,Q1,2024Q1,2026-07-21,12.63,False,False,False,2023-12-31,2024-03-30,computed: operating_income / revenue,,,2025-05-06,-35.7,,12.58,
FORM,"FormFactor, Inc.",operating_margin_pct,Operating Margin % (GAAP),pct,2024,Q2,2024Q2,2026-07-21,9.0,False,False,False,2024-03-31,2024-06-29,computed: operating_income / revenue,,,2025-08-05,-3.63,,9.84,
FORM,"FormFactor, Inc.",operating_margin_pct,Operating Margin % (GAAP),pct,2024,Q3,2024Q3,2026-07-21,8.59,False,False,False,2024-06-30,2024-09-28,computed: operating_income / revenue,,,2025-11-04,-0.41,,7.01,
FORM,"FormFactor, Inc.",operating_margin_pct,Operating Margin % (GAAP),pct,2024,Q4,2024Q4,2026-07-21,4.14,False,True,False,2024-09-29,2024-12-28,computed: operating_income / revenue,,,2026-02-20,-4.45,,-44.19,
FORM,"FormFactor, Inc.",operating_margin_pct,Operating Margin % (GAAP),pct,2025,Q1,2025Q1,2026-07-21,1.91,False,False,False,2024-12-29,2025-03-29,computed: operating_income / revenue,,,2026-05-05,-2.23,,-10.72,
FORM,"FormFactor, Inc.",operating_margin_pct,Operating Margin % (GAAP),pct,2025,Q2,2025Q2,2026-07-21,6.29,False,False,False,2025-03-30,2025-06-28,computed: operating_income / revenue,,,2025-08-05,4.38,,-2.71,
FORM,"FormFactor, Inc.",operating_margin_pct,Operating Margin % (GAAP),pct,2025,Q3,2025Q3,2026-07-21,8.88,False,False,False,2025-06-29,2025-09-27,computed: operating_income / revenue,,,2025-11-04,2.59,,0.29,
FORM,"FormFactor, Inc.",operating_margin_pct,Operating Margin % (GAAP),pct,2025,Q4,2025Q4,2026-07-21,10.92,False,True,False,2025-09-28,2025-12-27,computed: operating_income / revenue,,,2026-02-20,2.04,,6.78,
FORM,"FormFactor, Inc.",operating_margin_pct,Operating Margin % (GAAP),pct,2026,Q1,2026Q1,2026-07-21,7.36,False,False,False,2025-12-28,2026-03-28,computed: operating_income / revenue,,,2026-05-05,-3.56,,5.45,
